seqnames,start,end,width,strand,V4,V5,annotation,geneChr,geneStart,geneEnd,geneLength,geneStrand,geneId,transcriptId,distanceToTSS,ENTREZID,SYMBOL,GENENAME,8368/8356/8347/8360/8970/387/
6,27873220,27873619,400,*,*,-1.253581845,Promoter (<=1kb),6,27873148,27873534,387,2,ENSG00000275126,ENST00000618305,0,8368,H4C13,H4 clustered histone 13,
6,27891991,27892390,400,*,*,-1.342532101,Promoter (<=1kb),6,27890635,27893106,2472,2,ENSG00000197153,ENST00000479986,716,8356,H3C12,H3 clustered histone 12,
4,3955567,3955966,400,*,*,-1.176793345,Promoter (<=1kb),4,3954233,3955432,1200,2,ENSG00000251669,ENST00000674264,-135,348926,FAM86EP,"family with sequence similarity 86, member A pseudogene",
6,26123686,26124085,400,*,*,-0.977627097,Promoter (<=1kb),6,26114873,26123910,9038,2,ENSG00000180596,ENST00000314332,0,8347,H2BC4,H2B clustered histone 4,
6,26188843,26189242,400,*,*,-1.10971704,Promoter (<=1kb),6,26188710,26189112,403,2,ENSG00000277157,ENST00000614247,0,8360,H4C4,H4 clustered histone 4,
22,44720496,44720895,400,*,*,-2.203447742,"Intron (ENST00000611394/ENSG00000186654, intron 3 of 8)",22,44725246,44809801,84556,1,ENSG00000248405,ENST00000495250,-4351,553158,PRR5-ARHGAP8,PRR5-ARHGAP8 readthrough,
7,5530493,5530892,400,*,*,-0.81276918,Promoter (<=1kb),7,5526409,5530601,4193,2,ENSG00000075624,ENST00000674681,0,60,ACTB,actin beta,
4,153528692,153529091,400,*,*,1.407937005,"Intron (ENST00000409663/ENSG00000121210, intron 3 of 34)",4,153554181,153558771,4591,1,ENSG00000121210,ENST00000462540,-25090,23240,TMEM131L,transmembrane 131 like,
16,29785003,29785402,400,*,*,-1.631983877,Distal Intergenic,16,29790727,29805384,14658,1,ENSG00000079616,ENST00000691169,-5325,3835,KIF22,kinesin family member 22,
3,50235817,50236226,410,*,*,-0.919602352,Promoter (<=1kb),3,50236204,50259354,23151,1,ENSG00000114353,ENST00000441156,0,2771,GNAI2,G protein subunit alpha i2,
10,102245323,102245722,400,*,*,-1.074926897,Promoter (<=1kb),10,102245371,102382882,137512,1,ENSG00000107862,ENST00000676513,0,8729,GBF1,golgi brefeldin A resistant guanine nucleotide exchange factor 1,
3,48685716,48686115,400,*,*,-1.282904368,Promoter (<=1kb),3,48673844,48685884,12041,2,ENSG00000213672,ENST00000416649,0,51517,NCKIPSD,NCK interacting protein with SH3 domain,
4,185425754,185426153,400,*,*,-1.070228084,Promoter (<=1kb),4,185399537,185425964,26428,2,ENSG00000109775,ENST00000264689,0,55325,UFSP2,UFM1 specific peptidase 2,
KI270733.1,163133,163532,400,*,*,-1.803837148,Distal Intergenic,44,167218,167307,90,1,ENSG00000276312,ENST00000615130,-3686,NA,NA,NA,
17,8173371,8173770,400,*,*,-1.046081017,Promoter (<=1kb),17,8173454,8173587,134,2,ENSG00000200463,ENST00000363593,0,727676,SNORD118,"small nucleolar RNA, C/D box 118",
1,229426317,229426716,400,*,*,-1.653366673,Promoter (1-2kb),1,229425020,229425650,631,1,ENSG00000230331,ENST00000432935,1297,NA,NA,NA,
19,36771479,36771878,400,*,*,-1.21679013,Promoter (<=1kb),19,36743480,36772807,29328,2,ENSG00000267041,ENST00000591344,929,342892,ZNF850,zinc finger protein 850,
12,52765833,52766232,400,*,*,2.019429525,Promoter (2-3kb),12,52763405,52763893,489,1,ENSG00000258071,ENST00000550907,2428,NA,NA,NA,
11,12059828,12060227,400,*,*,2.019239182,"Exon (ENST00000531559/ENSG00000254486, exon 2 of 2)",11,12066929,12073014,6086,1,ENSG00000254991,ENST00000476130,-6702,NA,NA,NA,
19,47274158,47274557,400,*,*,-0.91680501,Promoter (<=1kb),19,47274885,47275723,839,1,ENSG00000257704,ENST00000552360,-328,255783,INAFM1,InaF motif containing 1,
GL000219.1,99580,99979,400,*,*,-0.940402345,Distal Intergenic,33,54224,83311,29088,2,ENSG00000273748,ENST00000612919,-16269,NA,NA,NA,
2,208693522,208693921,400,*,*,-1.745502912,"Intron (ENST00000419079/ENSG00000144407, intron 4 of 6)",2,208838363,208854503,16141,1,ENSG00000144407,ENST00000487472,-144442,5746,PTH2R,parathyroid hormone 2 receptor,
4,102501710,102502109,400,*,*,-1.259551999,Promoter (<=1kb),4,102501898,102617117,115220,1,ENSG00000109320,ENST00000505458,0,4790,NFKB1,nuclear factor kappa B subunit 1,
22,37909666,37910065,400,*,*,1.413073402,Promoter (2-3kb),22,37906882,37922036,15155,1,ENSG00000100139,ENST00000489812,2784,85377,MICALL1,MICAL like 1,
11,507165,507564,400,*,*,-0.892305987,Promoter (<=1kb),11,494515,507242,12728,2,ENSG00000023191,ENST00000354420,0,6050,RNH1,ribonuclease/angiogenin inhibitor 1,
10,96502431,96502830,400,*,*,1.825260884,"Intron (ENST00000357947/ENSG00000095587, intron 1 of 20)",10,96395193,96513918,118726,2,ENSG00000095587,ENST00000469598,11088,7093,TLL2,tolloid like 2,
19,10292242,10292641,400,*,*,-0.912507631,Promoter (<=1kb),19,10291473,10296776,5304,1,ENSG00000105376,ENST00000586480,769,7087,ICAM5,intercellular adhesion molecule 5,
19,5720164,5720563,400,*,*,-0.909133448,Promoter (<=1kb),19,5691835,5720165,28331,2,ENSG00000196365,ENST00000593119,0,9361,LONP1,"lon peptidase 1, mitochondrial",
12,120265978,120266377,400,*,*,-1.263034071,Promoter (<=1kb),12,120210447,120265771,55325,2,ENSG00000089159,ENST00000424649,-207,5829,PXN,paxillin,
4,70839927,70840326,400,*,*,-0.925822499,Promoter (<=1kb),4,70819531,70839897,20367,2,ENSG00000132463,ENST00000505068,-30,2926,GRSF1,G-rich RNA sequence binding factor 1,
5,2511481,2511880,400,*,*,-1.547341447,Distal Intergenic,5,2712591,2715237,2647,1,ENSG00000281560,ENST00000626215,-200711,101234261,LSINCT5,long stress-induced non-coding transcript 5,
11,75237047,75237446,400,*,*,-1.547344885,"Intron (ENST00000530792/ENSG00000255136, intron 1 of 3)",11,75240774,75243704,2931,1,ENSG00000261594,ENST00000562197,-3328,100507050,TPBGL,trophoblast glycoprotein like,
3,49939844,49940243,400,*,*,-0.91096192,Promoter (<=1kb),3,49940007,50077249,137243,1,ENSG00000004534,ENST00000442092,0,10180,RBM6,RNA binding motif protein 6,
2,31199295,31199694,400,*,*,1.767011247,3' UTR,2,31173056,31217515,44460,2,ENSG00000214711,ENST00000403897,17821,440854,CAPN14,calpain 14,
3,167734744,167735143,400,*,*,-0.847943284,Promoter (<=1kb),3,167683298,167734892,51595,2,ENSG00000114209,ENST00000392750,0,11235,PDCD10,programmed cell death 10,
22,30372548,30372947,400,*,*,-1.146890193,Promoter (<=1kb),22,30373692,30376827,3136,1,ENSG00000187860,ENST00000482413,-745,550631,CCDC157,coiled-coil domain containing 157,
14,35046129,35046528,400,*,*,-0.866464839,Promoter (<=1kb),14,35046272,35083378,37107,1,ENSG00000151327,ENST00000280987,0,283635,FAM177A1,family with sequence similarity 177 member A1,
19,18203947,18204346,400,*,*,-0.811846342,Promoter (<=1kb),19,18196784,18204042,7259,2,ENSG00000105649,ENST00000222256,0,5864,RAB3A,"RAB3A, member RAS oncogene family",
19,39403851,39404250,400,*,*,-0.925402699,Promoter (1-2kb),19,39402842,39404200,1359,1,ENSG00000288919,ENST00000687686,1009,NA,NA,NA,
9,131981691,131982090,400,*,*,-1.621249421,"Intron (ENST00000651950/ENSG00000160563, intron 3 of 8)",9,132031886,132079645,47760,2,ENSG00000160563,ENST00000444872,97555,9442,MED27,mediator complex subunit 27,
10,43776939,43777338,400,*,*,-1.88582771,Promoter (1-2kb),10,43777562,43778626,1065,2,ENSG00000234973,ENST00000423349,1288,102724264,LINC02658,long intergenic non-protein coding RNA 2658,
4,185396334,185396733,400,*,*,-0.84407577,Promoter (<=1kb),4,185396811,185400628,3818,1,ENSG00000186352,ENST00000511393,-78,353322,ANKRD37,ankyrin repeat domain 37,
9,128128235,128128634,400,*,*,-1.009903457,Promoter (<=1kb),9,128120694,128128462,7769,2,ENSG00000148334,ENST00000277462,0,80142,PTGES2,prostaglandin E synthase 2,
1,6602561,6602960,400,*,*,-0.934269056,Promoter (<=1kb),1,6590724,6602869,12146,2,ENSG00000162413,ENST00000377658,0,9903,KLHL21,kelch like family member 21,
17,45051377,45051776,400,*,*,-0.934271341,Promoter (<=1kb),17,45051610,45109016,57407,1,ENSG00000136448,ENST00000592782,0,4836,NMT1,N-myristoyltransferase 1,
6,13187495,13187894,400,*,*,1.895688342,"Intron (ENST00000693693/ENSG00000112137, intron 7 of 9)",6,13181604,13287843,106240,1,ENSG00000112137,ENST00000692502,5891,221692,PHACTR1,phosphatase and actin regulator 1,
12,46221754,46222153,400,*,*,-2.361426185,"Intron (ENST00000398637/ENSG00000111371, intron 5 of 16)",12,46239106,46239473,368,2,ENSG00000274591,ENST00000611566,17320,NA,NA,NA,
16,27237395,27237794,400,*,*,-0.916204727,"Intron (ENST00000361439/ENSG00000169189, intron 2 of 7)",16,27225172,27233078,7907,2,ENSG00000169189,ENST00000562039,-4317,197370,NSMCE1,"NSE1 homolog, SMC5-SMC6 complex component",
20,35454867,35455266,400,*,*,-0.849325757,Promoter (<=1kb),20,35455164,35466204,11041,1,ENSG00000126001,ENST00000446710,0,11190,CEP250,centrosomal protein 250,
4,24949140,24949539,400,*,*,-1.520019763,"Intron (ENST00000389609/ENSG00000181982, intron 1 of 12)",4,24807996,24980148,172153,2,ENSG00000181982,ENST00000389609,30609,91050,CCDC149,coiled-coil domain containing 149,
19,40609859,40610258,400,*,*,-0.814570056,Promoter (<=1kb),19,40610168,40613828,3661,1,ENSG00000090006,ENST00000546155,0,8425,LTBP4,latent transforming growth factor beta binding protein 4,
15,70091961,70092360,400,*,*,-1.277351044,Promoter (2-3kb),15,70049802,70094785,44984,2,ENSG00000140332,ENST00000654081,2425,7090,TLE3,"TLE family member 3, transcriptional corepressor",
6,90479207,90479606,400,*,*,-1.277863094,Distal Intergenic,6,90515634,90537218,21585,2,ENSG00000135341,ENST00000479630,57612,6885,MAP3K7,mitogen-activated protein kinase kinase kinase 7,
1,182789634,182790033,400,*,*,-0.832464789,Promoter (<=1kb),1,182789737,182827020,37284,1,ENSG00000135838,ENST00000463899,0,80896,NPL,N-acetylneuraminate pyruvate lyase,
16,74717767,74718166,400,*,*,1.152089384,Promoter (<=1kb),16,74712955,74717106,4152,2,ENSG00000103089,ENST00000562145,-661,79152,FA2H,fatty acid 2-hydroxylase,
1,170074476,170074875,400,*,*,-0.802311732,Promoter (<=1kb),1,169921326,170074588,153263,2,ENSG00000075945,ENST00000367767,0,22920,KIFAP3,kinesin associated protein 3,
19,17226259,17226658,400,*,*,-0.816936566,Promoter (<=1kb),19,17226615,17229165,2551,1,ENSG00000099330,ENST00000597836,0,79629,OCEL1,occludin/ELL domain containing 1,
3,126355914,126356313,400,*,*,-0.867042616,Promoter (1-2kb),3,126342635,126357408,14774,2,ENSG00000163884,ENST00000296233,1095,28999,KLF15,KLF transcription factor 15,
13,48037561,48037960,400,*,*,-0.867133706,Promoter (<=1kb),13,47942689,48037942,95254,2,ENSG00000136143,ENST00000646804,0,8803,SUCLA2,succinate-CoA ligase ADP-forming subunit beta,
2,677033,677432,400,*,*,-0.742651062,Promoter (<=1kb),2,663877,677406,13530,2,ENSG00000151353,ENST00000281017,0,129787,TMEM18,transmembrane protein 18,
1,120850465,120850864,400,*,*,-1.227672854,Promoter (<=1kb),1,120850819,120850985,167,2,ENSG00000275538,ENST00000613023,121,101954277,RNVU1-19,"RNA, variant U1 small nuclear 19",
6,27132700,27133099,400,*,*,-0.648329131,Promoter (<=1kb),6,27125897,27132750,6854,2,ENSG00000124635,ENST00000607124,0,8970,H2BC11,H2B clustered histone 11,
7,116432606,116433005,400,*,*,-2.058514217,"Exon (ENST00000467035/ENSG00000105971, exon 6 of 9)",7,116416117,116465276,49160,2,ENSG00000237813,ENST00000439070,32271,NA,NA,NA,
15,62060277,62060676,400,*,*,-0.955500234,Promoter (<=1kb),15,61852389,62060447,208059,2,ENSG00000129003,ENST00000644861,0,54832,VPS13C,vacuolar protein sorting 13 homolog C,
X,151801553,151801952,400,*,*,-1.671608127,Distal Intergenic,23,151734746,151745564,10819,1,ENSG00000183862,ENST00000329903,66807,1260,CNGA2,cyclic nucleotide gated channel subunit alpha 2,
6,33490396,33490795,400,*,*,1.420278854,Distal Intergenic,6,33455406,33456190,785,1,ENSG00000213588,ENST00000612407,34990,221504,ZBTB9,zinc finger and BTB domain containing 9,
14,56872270,56872669,400,*,*,-1.283540922,"Intron (ENST00000534909/ENSG00000248550, intron 1 of 3)",14,56880818,56893159,12342,2,ENSG00000258776,ENST00000555946,20490,NA,NA,NA,
20,25603143,25603542,400,*,*,-1.554831125,Distal Intergenic,20,25611153,25611223,71,1,ENSG00000251883,ENST00000516074,-7611,106481164,RNU6ATAC17P,"RNA, U6atac small nuclear 17, pseudogene",
1,110558972,110559371,400,*,*,-1.671374973,"Intron (ENST00000640680/ENSG00000177301, intron 3 of 8)",1,110517217,110519175,1959,2,ENSG00000143105,ENST00000369771,-39797,3744,KCNA10,potassium voltage-gated channel subfamily A member 10,
1,235328199,235328598,400,*,*,-0.771867215,Promoter (<=1kb),1,235166895,235328219,161325,2,ENSG00000054267,ENST00000349213,0,51742,ARID4B,AT-rich interaction domain 4B,
3,49412046,49412445,400,*,*,-0.751673743,Promoter (<=1kb),3,49373240,49412097,38858,2,ENSG00000067560,ENST00000431929,0,387,RHOA,ras homolog family member A,
6,26596693,26597092,400,*,*,-0.993697359,Promoter (<=1kb),6,26596953,26600739,3787,1,ENSG00000146109,ENST00000274849,0,29777,ABT1,activator of basal transcription 1,
1,167714436,167714835,400,*,*,-0.795729343,Distal Intergenic,1,167721192,167722014,823,1,ENSG00000197965,ENST00000487858,-6357,9019,MPZL1,myelin protein zero like 1,
12,49342247,49342646,400,*,*,-0.914708059,Distal Intergenic,12,49346888,49353690,6803,1,ENSG00000178401,ENST00000549441,-4242,79962,DNAJC22,DnaJ heat shock protein family (Hsp40) member C22,
17,48054155,48054554,400,*,*,-0.895922878,Promoter (<=1kb),17,48054328,48056444,2117,1,ENSG00000082641,ENST00000579537,0,4779,NFE2L1,NFE2 like bZIP transcription factor 1,
19,49210625,49211024,400,*,*,-1.456517678,Promoter (<=1kb),19,49210734,49211834,1101,1,ENSG00000130529,ENST00000597316,0,54795,TRPM4,transient receptor potential cation channel subfamily M member 4,
1,209516045,209516444,400,*,*,-1.456535574,Distal Intergenic,1,209531236,209536351,5116,1,ENSG00000287902,ENST00000657064,-14792,NA,NA,NA,
12,68808028,68808427,400,*,*,-0.785858736,Promoter (<=1kb),12,68808177,68845544,37368,1,ENSG00000135679,ENST00000258149,0,4193,MDM2,MDM2 proto-oncogene,
7,55971077,55971476,400,*,*,-0.813089376,"Intron (ENST00000446692/ENSG00000146729, intron 1 of 6)",7,55965113,55981498,16386,1,ENSG00000146729,ENST00000472404,5964,2631,NIPSNAP2,nipsnap homolog 2,
14,24440229,24440628,400,*,*,-1.100295594,Promoter (<=1kb),14,24440101,24440926,826,2,ENSG00000100445,ENST00000555561,298,56948,SDR39U1,short chain dehydrogenase/reductase family 39U member 1,
20,53700944,53701343,400,*,*,-1.290563507,Distal Intergenic,20,53668697,53668758,62,2,ENSG00000238468,ENST00000459331,-32186,100147762,RNU7-14P,"RNA, U7 small nuclear 14 pseudogene",
16,88776566,88776965,400,*,*,-1.179606736,"Intron (ENST00000301015/ENSG00000103335, intron 1 of 50)",16,88715338,88785220,69883,2,ENSG00000103335,ENST00000301015,8255,9780,PIEZO1,piezo type mechanosensitive ion channel component 1,
X,101909880,101910279,400,*,*,1.64278157,Promoter (1-2kb),23,101911529,101912072,544,1,ENSG00000235196,ENST00000429048,-1250,NA,NA,NA,
2,1104913,1105312,400,*,*,1.642575836,Promoter (2-3kb),2,1102546,1209230,106685,1,ENSG00000172554,ENST00000463442,2367,54221,SNTG2,syntrophin gamma 2,
10,97426012,97426411,400,*,*,-0.788018712,Promoter (<=1kb),10,97356701,97426074,69374,2,ENSG00000052749,ENST00000536831,0,23223,RRP12,ribosomal RNA processing 12 homolog,
6,3053542,3053941,400,*,*,-0.844816501,Promoter (1-2kb),6,3055849,3057357,1509,1,ENSG00000229282,ENST00000433761,-1908,NA,NA,NA,
15,97960345,97960744,400,*,*,-0.762877345,Promoter (<=1kb),15,97960703,97973833,13131,1,ENSG00000140450,ENST00000268042,0,91947,ARRDC4,arrestin domain containing 4,
6,20402330,20402729,400,*,*,-1.064788869,Promoter (<=1kb),6,20401879,20493714,91836,1,ENSG00000112242,ENST00000346618,451,1871,E2F3,E2F transcription factor 3,
X,2928935,2929334,400,*,*,1.368300504,Promoter (<=1kb),23,2913614,2929275,15662,2,ENSG00000006756,ENST00000217890,0,414,ARSD,arylsulfatase D,
10,110405246,110405645,400,*,*,-1.372188025,Distal Intergenic,10,110450629,110451240,612,1,ENSG00000237642,ENST00000428894,-44984,NA,NA,NA,
5,172807154,172807553,400,*,*,1.008669517,Promoter (<=1kb),5,172807444,172808064,621,1,ENSG00000288737,ENST00000691985,0,NA,NA,NA,
12,120710289,120710688,400,*,*,-1.135455736,Promoter (<=1kb),12,120710458,120711353,896,1,ENSG00000175970,ENST00000618898,0,84747,UNC119B,unc-119 lipid binding chaperone B,
20,63653672,63654071,400,*,*,-0.884468648,Promoter (<=1kb),20,63639712,63653424,13713,2,ENSG00000197457,ENST00000370053,-248,50861,STMN3,stathmin 3,
6,30717319,30717718,400,*,*,-0.709325842,Promoter (<=1kb),6,30713940,30717447,3508,2,ENSG00000137337,ENST00000425072,0,9656,MDC1,mediator of DNA damage checkpoint 1,
19,56315064,56315463,400,*,*,-0.814879872,Promoter (<=1kb),19,56315254,56316803,1550,1,ENSG00000267549,ENST00000587620,0,NA,NA,NA,
16,3106525,3106924,400,*,*,-1.032137314,Promoter (<=1kb),16,3106764,3109579,2816,1,ENSG00000263011,ENST00000570700,0,NA,NA,NA,
20,30630936,30631335,400,*,*,1.491630678,Distal Intergenic,20,30713240,30713346,107,2,ENSG00000274385,ENST00000618440,82011,124904986,LOC124904986,U6 spliceosomal RNA,
3,16837259,16837658,400,*,*,1.491630753,"Intron (ENST00000460467/ENSG00000154822, intron 1 of 2)",3,16802651,17011084,208434,1,ENSG00000154822,ENST00000460467,34608,23228,PLCL2,phospholipase C like 2,
7,44208356,44208755,400,*,*,1.491637172,Promoter (<=1kb),7,44208136,44212613,4478,1,ENSG00000106636,ENST00000424864,220,10652,YKT6,YKT6 v-SNARE homolog,
9,90054694,90055093,400,*,*,1.491645817,Distal Intergenic,9,90020654,90041499,20846,2,ENSG00000227555,ENST00000426593,-13195,286370,MIR4290HG,MIR4290 host gene,
6,27146833,27147232,400,*,*,-0.630676535,Promoter (<=1kb),6,27146361,27146855,495,2,ENSG00000197903,ENST00000356950,0,85236,H2BC12,H2B clustered histone 12,
16,3003771,3004170,400,*,*,-0.787831774,Promoter (<=1kb),16,3004132,3004859,728,1,ENSG00000289281,ENST00000692767,0,NA,NA,NA,
2,207529728,207530127,400,*,*,-0.664848476,Promoter (<=1kb),2,207529737,207597789,68053,1,ENSG00000118260,ENST00000430624,0,1385,CREB1,cAMP responsive element binding protein 1,
22,50252075,50252474,400,*,*,-0.848996003,Promoter (<=1kb),22,50250119,50251405,1287,2,ENSG00000100429,ENST00000497483,-670,83933,HDAC10,histone deacetylase 10,
1,63665438,63665837,400,*,*,-1.178746816,Distal Intergenic,1,63655743,63656047,305,1,ENSG00000244256,ENST00000489463,9695,106479269,RN7SL130P,"RNA, 7SL, cytoplasmic 130, pseudogene",
9,27247775,27248174,400,*,*,-1.178963579,"Intron (ENST00000638495/ENSG00000283945, intron 8 of 9)",9,27245680,27278503,32824,2,ENSG00000283945,ENST00000638495,30329,158035,LINC00032,long intergenic non-protein coding RNA 32,
1,26854787,26855186,400,*,*,-1.178892555,3' UTR,1,26851129,26853211,2083,1,ENSG00000204160,ENST00000478902,3658,84243,ZDHHC18,zinc finger DHHC-type palmitoyltransferase 18,
6,26307304,26307703,400,*,*,-1.485197108,Distal Intergenic,6,26321876,26322292,417,2,ENSG00000220875,ENST00000404612,14589,100289545,H3C9P,"H3 clustered histone 9, pseudogene",
19,45469102,45469501,400,*,*,-0.774556419,Promoter (<=1kb),19,45469876,45474597,4722,1,ENSG00000125740,ENST00000592811,-375,2354,FOSB,"FosB proto-oncogene, AP-1 transcription factor subunit",
16,22190441,22190840,400,*,*,-0.600884449,3' UTR,16,22170309,22175524,5216,2,ENSG00000287739,ENST00000659141,-14917,NA,NA,NA,
6,26341499,26341898,400,*,*,-0.973869062,Distal Intergenic,6,26324705,26331900,7196,2,ENSG00000287050,ENST00000655687,-9599,101928743,LOC101928743,uncharacterized LOC101928743,
2,198104128,198104527,400,*,*,-1.390112478,"Intron (ENST00000428675/ENSG00000115896, intron 5 of 5)",2,198083749,198149884,66136,1,ENSG00000115896,ENST00000437704,20379,5334,PLCL1,phospholipase C like 1 (inactive),
19,1062783,1063182,400,*,*,-0.872488407,Promoter (<=1kb),19,1062179,1065458,3280,1,ENSG00000064687,ENST00000612569,604,10347,ABCA7,ATP binding cassette subfamily A member 7,
12,56067128,56067527,400,*,*,-1.992086139,Distal Intergenic,12,56076799,56083902,7104,1,ENSG00000065361,ENST00000643266,-9272,2065,ERBB3,erb-b2 receptor tyrosine kinase 3,
1,52366117,52366516,400,*,*,-0.712373968,Promoter (<=1kb),1,52350593,52366193,15601,2,ENSG00000154222,ENST00000371586,0,200014,CC2D1B,coiled-coil and C2 domain containing 1B,
19,54137171,54137570,400,*,*,-0.639798122,Promoter (<=1kb),19,54137749,54145698,7950,1,ENSG00000088038,ENST00000644245,-179,4849,CNOT3,CCR4-NOT transcription complex subunit 3,
11,67288781,67289180,400,*,*,-0.923277427,Promoter (<=1kb),11,67289300,67291651,2352,1,ENSG00000172932,ENST00000512101,-120,338692,ANKRD13D,ankyrin repeat domain 13D,
4,70318319,70318718,400,*,*,-1.987442523,Distal Intergenic,4,70334981,70337116,2136,1,ENSG00000145309,ENST00000273936,-16263,85438,CABS1,"calcium binding protein, spermatid associated 1",
1,161159236,161159635,400,*,*,-0.836112162,Promoter (<=1kb),1,161159450,161162368,2919,1,ENSG00000143258,ENST00000492950,0,27005,USP21,ubiquitin specific peptidase 21,
14,49892740,49893139,400,*,*,-0.722866012,Promoter (<=1kb),14,49893079,49897054,3976,1,ENSG00000165527,ENST00000693319,0,382,ARF6,ADP ribosylation factor 6,
8,115981276,115981675,400,*,*,-1.308580535,"Intron (ENST00000505156/ENSG00000249917, intron 7 of 13)",8,116022686,116022779,94,2,ENSG00000199450,ENST00000362580,41104,100873529,RNA5SP276,"RNA, 5S ribosomal pseudogene 276",
11,112466912,112467311,400,*,*,1.365534581,"Intron (ENST00000528496/ENSG00000254968, intron 2 of 2)",11,112461468,112461920,453,2,ENSG00000213233,ENST00000463396,-4992,100271617,RPL23AP62,ribosomal protein L23a pseudogene 62,
7,25125196,25125595,400,*,*,-0.682735624,Promoter (<=1kb),7,25118656,25125260,6605,2,ENSG00000172115,ENST00000305786,0,54205,CYCS,"cytochrome c, somatic",
1,206565533,206565932,400,*,*,1.57563077,"Intron (ENST00000579436/ENSG00000266094, intron 2 of 5)",1,206557561,206583695,26135,1,ENSG00000266094,ENST00000605120,7972,83593,RASSF5,Ras association domain family member 5,
1,184257548,184257947,400,*,*,1.575738476,Distal Intergenic,1,184315658,184315765,108,1,ENSG00000207080,ENST00000384352,-57711,NA,NA,NA,
X,16870236,16870635,400,*,*,-0.803516215,Promoter (<=1kb),23,16844341,16870362,26022,2,ENSG00000102054,ENST00000380087,0,5931,RBBP7,"RB binding protein 7, chromatin remodeling factor",
5,157731569,157731968,400,*,*,-0.788489011,Promoter (<=1kb),5,157731420,157741449,10030,1,ENSG00000113272,ENST00000231198,149,54974,THG1L,tRNA-histidine guanylyltransferase 1 like,
16,85316366,85316765,400,*,*,-0.935625724,"Intron (ENST00000637419/ENSG00000131149, intron 1 of 2)",16,85306226,85306325,100,2,ENSG00000266307,ENST00000583199,-10041,100847022,MIR5093,microRNA 5093,
16,10794375,10794774,400,*,*,1.428269709,"Intron (ENST00000572980/ENSG00000166676, intron 2 of 8)",16,10769240,10775031,5792,2,ENSG00000166676,ENST00000619408,-19344,780776,TVP23A,trans-golgi network vesicle protein 23 homolog A,
8,25064125,25064524,400,*,*,-1.126508689,Distal Intergenic,8,25000436,25003439,3004,1,ENSG00000288055,ENST00000670816,63689,NA,NA,NA,
7,79452123,79452522,400,*,*,-1.126596805,Promoter (<=1kb),7,79452877,79459637,6761,1,ENSG00000234456,ENST00000616796,-355,100505881,MAGI2-AS3,MAGI2 antisense RNA 3,
10,125988782,125989181,400,*,*,-1.126721872,Promoter (<=1kb),10,125988551,126009592,21042,1,ENSG00000203780,ENST00000492670,231,92565,FANK1,fibronectin type III and ankyrin repeat domains 1,
3,129335071,129335470,400,*,*,1.428250106,Promoter (<=1kb),3,129334586,129335074,489,1,ENSG00000270492,ENST00000604126,485,NA,NA,NA,
X,68865709,68866108,400,*,*,-1.238010566,Distal Intergenic,23,68829021,68842160,13140,1,ENSG00000090776,ENST00000204961,36688,1947,EFNB1,ephrin B1,
19,10333357,10333756,400,*,*,-0.704114807,Promoter (<=1kb),19,10316212,10333529,17318,2,ENSG00000161847,ENST00000617231,0,125950,RAVER1,"ribonucleoprotein, PTB binding 1",
2,241457505,241457904,400,*,*,1.761660278,Promoter (1-2kb),2,241456435,241463458,7024,1,ENSG00000006607,ENST00000476799,1070,9855,FARP2,"FERM, ARH/RhoGEF and pleckstrin domain protein 2",
22,41526188,41526587,400,*,*,0.898152359,Promoter (2-3kb),22,41523354,41529267,5914,1,ENSG00000100412,ENST00000676883,2834,50,ACO2,aconitase 2,
9,89318587,89318986,400,*,*,-0.701544298,Promoter (<=1kb),9,89318851,89359662,40812,1,ENSG00000187742,ENST00000534113,0,79048,SECISBP2,SECIS binding protein 2,
19,15836765,15837209,445,*,*,-0.674461509,Promoter (<=1kb),19,15821851,15835854,14004,2,ENSG00000288618,ENST00000589310,-911,NA,NA,NA,
19,45792728,45793127,400,*,*,-0.822047705,Promoter (<=1kb),19,45782947,45792802,9856,2,ENSG00000185800,ENST00000377735,0,1762,DMWD,"DM1 locus, WD repeat containing",
3,46086503,46086902,400,*,*,-1.729539034,Promoter (<=1kb),3,46016990,46085825,68836,2,ENSG00000173578,ENST00000683768,-678,2829,XCR1,X-C motif chemokine receptor 1,
2,27454134,27454533,400,*,*,-1.081357412,Promoter (<=1kb),2,27448915,27454134,5220,2,ENSG00000138002,ENST00000450564,0,26160,IFT172,intraflagellar transport 172,
22,19733021,19733420,400,*,*,-0.980093863,Distal Intergenic,22,19723539,19724771,1233,1,ENSG00000203618,ENST00000366425,9482,2812,GP1BB,glycoprotein Ib platelet subunit beta,
17,62065776,62066175,400,*,*,-0.80511829,Promoter (<=1kb),17,62065498,62065955,458,2,ENSG00000289293,ENST00000688399,0,NA,NA,NA,
14,53128815,53129214,400,*,*,-1.176153778,"Intron (ENST00000612692/ENSG00000100523, intron 2 of 13)",14,53093322,53150086,56765,2,ENSG00000100523,ENST00000556910,20872,80821,DDHD1,DDHD domain containing 1,
1,234177317,234177716,400,*,*,-1.176162618,"Intron (ENST00000366618/ENSG00000183780, intron 2 of 7)",1,234214271,234324511,110241,1,ENSG00000183780,ENST00000366617,-36555,148641,SLC35F3,solute carrier family 35 member F3,
9,137837067,137837466,400,*,*,-1.176164631,Promoter (<=1kb),9,137838419,137838516,98,1,ENSG00000207693,ENST00000384960,-953,693187,MIR602,microRNA 602,
19,10461195,10461594,400,*,*,-0.723334559,Promoter (2-3kb),19,10458969,10467366,8398,1,ENSG00000065989,ENST00000590407,2226,5141,PDE4A,phosphodiesterase 4A,
4,54822329,54822728,400,*,*,-1.320513216,Distal Intergenic,4,54836161,54845402,9242,2,ENSG00000249727,ENST00000512898,22674,NA,NA,NA,
3,47905870,47906269,400,*,*,-1.320504066,Promoter (2-3kb),3,47850690,47909267,58578,2,ENSG00000047849,ENST00000429422,2998,4134,MAP4,microtubule associated protein 4,
6,15690220,15690619,400,*,*,-1.320509634,Distal Intergenic,6,15522843,15663058,140216,2,ENSG00000047579,ENST00000513680,-27162,84062,DTNBP1,dystrobrevin binding protein 1,
17,28489106,28489505,400,*,*,-0.950099742,3' UTR,17,28473738,28497778,24041,1,ENSG00000007216,ENST00000459818,15368,9058,SLC13A2,solute carrier family 13 member 2,
7,100373292,100373691,400,*,*,-0.950348517,Promoter (<=1kb),7,100373458,100400096,26639,1,ENSG00000085514,ENST00000453419,0,29992,PILRA,paired immunoglobin like type 2 receptor alpha,
7,45590721,45591120,400,*,*,1.017055057,"Intron (ENST00000432715/ENSG00000164742, intron 2 of 9)",7,45574885,45664671,89787,1,ENSG00000164742,ENST00000621543,15836,107,ADCY1,adenylate cyclase 1,
4,25914094,25914493,400,*,*,-0.701495175,Promoter (<=1kb),4,25914220,25929812,15593,1,ENSG00000250317,ENST00000506197,0,389203,SMIM20,small integral membrane protein 20,
3,128781779,128782178,400,*,*,1.304815714,Promoter (2-3kb),3,128785147,128785448,302,1,ENSG00000244232,ENST00000480095,-2969,106481113,RN7SL698P,"RNA, 7SL, cytoplasmic 698, pseudogene",
15,100124226,100124625,400,*,*,1.304814511,Promoter (1-2kb),15,100126106,100129743,3638,1,ENSG00000259356,ENST00000560128,-1481,NA,NA,NA,
11,77994770,77995169,400,*,*,-0.685495901,Promoter (<=1kb),11,77878720,77994671,115952,2,ENSG00000149262,ENST00000433818,-99,92105,INTS4,integrator complex subunit 4,
14,77097856,77098255,400,*,*,-0.663194078,Promoter (<=1kb),14,77098126,77113566,15441,1,ENSG00000198894,ENST00000555437,0,85457,CIPC,CLOCK interacting pacemaker,
15,67091153,67091552,400,*,*,-0.922242,"Intron (ENST00000559460/ENSG00000166949, intron 1 of 3)",15,67098582,67165035,66454,1,ENSG00000166949,ENST00000559092,-7030,4088,SMAD3,SMAD family member 3,
1,45491120,45491519,400,*,*,-0.671546431,Promoter (<=1kb),1,45343883,45491163,147281,2,ENSG00000070759,ENST00000372086,0,10420,TESK2,testis associated actin remodelling kinase 2,
19,4066941,4067340,400,*,*,-0.671056562,Promoter (<=1kb),19,4043303,4066899,23597,2,ENSG00000178951,ENST00000322357,-42,51341,ZBTB7A,zinc finger and BTB domain containing 7A,
6,4135601,4136000,400,*,*,-0.674127782,Promoter (<=1kb),6,4115706,4135597,19892,2,ENSG00000198721,ENST00000361538,-4,10455,ECI2,enoyl-CoA delta isomerase 2,
17,77140395,77140794,400,*,*,-0.653048911,Promoter (<=1kb),17,77140736,77143642,2907,1,ENSG00000129657,ENST00000588880,0,6397,SEC14L1,SEC14 like lipid binding 1,
12,124099672,124100071,400,*,*,-1.121464741,"Intron (ENST00000389727/ENSG00000178882, intron 2 of 4)",12,124085761,124088598,2838,1,ENSG00000275389,ENST00000621669,13911,NA,NA,NA,
5,73782988,73783387,400,*,*,-1.242255582,"Intron (ENST00000296794/ENSG00000214944, intron 7 of 34)",5,73778039,73786491,8453,2,ENSG00000249293,ENST00000506717,3104,NA,NA,NA,
4,15479538,15479937,400,*,*,-1.242273806,Promoter (<=1kb),4,15479216,15601549,122334,1,ENSG00000048342,ENST00000650860,322,57545,CC2D2A,coiled-coil and C2 domain containing 2A,
12,6873297,6873696,400,*,*,-0.662193072,Promoter (<=1kb),12,6873569,6907733,34165,1,ENSG00000010626,ENST00000433346,0,10233,LRRC23,leucine rich repeat containing 23,
5,150641233,150641632,400,*,*,-1.00241349,Promoter (<=1kb),5,150640678,150652337,11660,1,ENSG00000171992,ENST00000519664,555,11346,SYNPO,synaptopodin,
6,27890685,27891084,400,*,*,-0.647659981,Promoter (<=1kb),6,27890315,27890826,512,2,ENSG00000197153,ENST00000359303,0,8356,H3C12,H3 clustered histone 12,
2,10560375,10560774,400,*,*,1.137455614,Distal Intergenic,2,10589166,10604830,15665,1,ENSG00000234818,ENST00000414538,-28392,NA,NA,NA,
19,55339325,55339724,400,*,*,-0.590422373,Promoter (<=1kb),19,55338945,55339283,339,2,ENSG00000276831,ENST00000621389,-42,NA,NA,NA,
5,12915961,12916360,400,*,*,1.999063649,"Intron (ENST00000510065/ENSG00000248457, intron 2 of 2)",5,12914068,13032886,118819,2,ENSG00000248457,ENST00000510065,116526,NA,NA,NA,
19,18281612,18282011,400,*,*,-0.577314904,Promoter (<=1kb),19,18279694,18281622,1929,2,ENSG00000130522,ENST00000252818,0,3727,JUND,"JunD proto-oncogene, AP-1 transcription factor subunit",
7,74330020,74330419,400,*,*,1.98972042,"Intron (ENST00000223398/ENSG00000106665, intron 2 of 16)",7,74289475,74405930,116456,1,ENSG00000106665,ENST00000361545,40545,7461,CLIP2,CAP-Gly domain containing linker protein 2,
11,65418931,65419330,400,*,*,-0.54209811,Distal Intergenic,11,65422774,65426457,3684,1,ENSG00000245532,ENST00000499732,-3444,283131,NEAT1,nuclear paraspeckle assembly transcript 1,
5,103119998,103120397,400,*,*,-0.657360985,Promoter (<=1kb),5,103086000,103120108,34109,2,ENSG00000145723,ENST00000512248,0,54826,GIN1,gypsy retrotransposon integrase 1,
8,116272648,116273047,400,*,*,-0.967110818,"Intron (ENST00000505156/ENSG00000249917, intron 2 of 13)",8,116289622,116298954,9333,1,ENSG00000287826,ENST00000669902,-16575,124902005,LOC124902005,uncharacterized LOC124902005,
8,101051743,101052142,400,*,*,-0.967336639,Promoter (<=1kb),8,101052015,101076215,24201,1,ENSG00000248599,ENST00000653983,0,441374,FLJ42969,uncharacterized LOC441374,
16,67979634,67980033,400,*,*,-0.968223797,Promoter (<=1kb),16,67975663,67980499,4837,2,ENSG00000141096,ENST00000268793,466,64180,DPEP3,dipeptidase 3,
4,169659938,169660337,400,*,*,-0.872233139,Promoter (<=1kb),4,169660062,169713187,53126,1,ENSG00000109572,ENST00000507875,0,1182,CLCN3,chloride voltage-gated channel 3,
1,43997500,43997899,400,*,*,-0.872266802,Promoter (2-3kb),1,43995393,43995980,588,1,ENSG00000159214,ENST00000472562,2107,149473,CCDC24,coiled-coil domain containing 24,
10,17805877,17806276,400,*,*,-1.072584391,Distal Intergenic,10,17809348,17911164,101817,1,ENSG00000260314,ENST00000569591,-3072,4360,MRC1,mannose receptor C-type 1,
19,11597179,11597578,400,*,*,-0.666729458,Promoter (<=1kb),19,11597462,11616773,19312,1,ENSG00000198551,ENST00000587939,0,199692,ZNF627,zinc finger protein 627,
22,26146766,26147165,400,*,*,-1.517654518,Distal Intergenic,22,26161834,26164303,2470,1,ENSG00000236464,ENST00000420391,-14669,NA,NA,NA,
13,109740641,109741040,400,*,*,-1.174546268,Distal Intergenic,13,109478739,109731700,252962,2,ENSG00000285534,ENST00000650264,-8941,NA,NA,NA,
3,37555948,37556347,400,*,*,-1.174647638,"Intron (ENST00000422441/ENSG00000144668, intron 15 of 15)",3,37573151,37573213,63,2,ENSG00000239105,ENST00000458743,16866,100151670,RNU7-73P,"RNA, U7 small nuclear 73 pseudogene",
2,175168240,175168639,400,*,*,-0.637978419,Promoter (<=1kb),2,175113994,175168382,54389,2,ENSG00000115966,ENST00000437522,0,1386,ATF2,activating transcription factor 2,
4,56908124,56908523,400,*,*,-0.935864935,Promoter (<=1kb),4,56908094,56966808,58715,1,ENSG00000084093,ENST00000640343,30,5978,REST,RE1 silencing transcription factor,
19,36054374,36054773,400,*,*,-0.62943487,Promoter (<=1kb),19,36054649,36093142,38494,1,ENSG00000075702,ENST00000680489,0,284403,WDR62,WD repeat domain 62,
17,43545372,43545771,400,*,*,-1.02884171,Promoter (<=1kb),17,43527846,43545671,17826,2,ENSG00000175832,ENST00000393664,0,2118,ETV4,ETS variant transcription factor 4,
2,70047102,70047501,400,*,*,1.361996002,Promoter (<=1kb),2,70032210,70046664,14455,2,ENSG00000179818,ENST00000627019,-438,151516,ASPRV1,aspartic peptidase retroviral like 1,
2,172359338,172359737,400,*,*,1.506684193,"Intron (ENST00000657632/ENSG00000232555, intron 2 of 2)",2,172323260,172330582,7323,2,ENSG00000286557,ENST00000668498,-28756,105373742,LOC105373742,uncharacterized LOC105373742,
2,83531132,83531531,400,*,*,-2.20737253,Distal Intergenic,2,83522814,83523502,689,1,ENSG00000232548,ENST00000448431,8318,101928031,LINC01809,long intergenic non-protein coding RNA 1809,
17,55750850,55751249,400,*,*,-0.675731895,Promoter (<=1kb),17,55751051,55777374,26324,1,ENSG00000141179,ENST00000268896,0,58488,PCTP,phosphatidylcholine transfer protein,
11,121560940,121561339,400,*,*,-2.207484477,"Intron (ENST00000260197/ENSG00000137642, intron 21 of 47)",11,121557015,121558773,1759,1,ENSG00000137642,ENST00000524873,3925,6653,SORL1,sortilin related receptor 1,
19,42826484,42826883,400,*,*,2.838559052,"Exon (ENST00000425668/ENSG00000225877, exon 4 of 4)",19,42821863,42826878,5016,1,ENSG00000225877,ENST00000425668,4621,100289650,PSG8-AS1,PSG8 antisense RNA 1,
1,16366904,16367303,400,*,*,-0.665661745,Promoter (<=1kb),1,16367088,16395406,28319,1,ENSG00000055070,ENST00000471507,0,26099,SZRD1,SUZ RNA binding domain containing 1,
20,45293550,45293949,400,*,*,-0.907328143,3' UTR,20,45293445,45305591,12147,2,ENSG00000124159,ENST00000372754,11642,8785,MATN4,matrilin 4,
1,26165873,26166272,400,*,*,-0.90735526,Promoter (2-3kb),1,26165708,26168581,2874,2,ENSG00000282872,ENST00000635463,2309,110806296,C1orf232,chromosome 1 open reading frame 230,
X,23332674,23333073,400,*,*,1.200118344,Promoter (1-2kb),23,23334849,23404374,69526,1,ENSG00000165186,ENST00000379361,-1776,139411,PTCHD1,patched domain containing 1,
22,41713026,41713425,400,*,*,1.20012534,"Intron (ENST00000401548/ENSG00000167077, intron 3 of 30)",22,41709225,41709489,265,2,ENSG00000231261,ENST00000448085,-3537,NA,NA,NA,
2,65140321,65140720,400,*,*,1.200165019,Distal Intergenic,2,65070696,65130331,59636,2,ENSG00000138069,ENST00000649427,-9990,5861,RAB1A,"RAB1A, member RAS oncogene family",
2,112054811,112055210,400,*,*,-0.579315105,Promoter (<=1kb),2,112055269,112119314,64046,1,ENSG00000153214,ENST00000283206,-59,84910,TMEM87B,transmembrane protein 87B,
15,21262197,21262596,400,*,*,-0.653938325,Promoter (2-3kb),15,21250180,21260147,9968,2,ENSG00000258883,ENST00000555285,-2050,100418897,NBEAP4,neurobeachin pseudogene 4,
18,74147669,74148068,400,*,*,-0.729850214,Promoter (<=1kb),18,74073353,74147831,74479,2,ENSG00000141665,ENST00000583443,0,201456,FBXO15,F-box protein 15,
20,48921441,48921840,400,*,*,-0.809164876,Promoter (<=1kb),20,48921711,49036693,114983,1,ENSG00000124198,ENST00000371917,0,10564,ARFGEF2,ADP ribosylation factor guanine nucleotide exchange factor 2,
5,156783241,156783640,400,*,*,1.064546288,Distal Intergenic,5,156814130,156814234,105,1,ENSG00000199468,ENST00000362598,-30490,106481357,RNU6-556P,"RNA, U6 small nuclear 556, pseudogene",
15,89430724,89431123,400,*,*,-1.115355633,Distal Intergenic,15,89400173,89401723,1551,1,ENSG00000289128,ENST00000684908,30551,NA,NA,NA,
11,65426944,65427343,400,*,*,-0.657163298,Promoter (1-2kb),11,65425551,65426385,835,1,ENSG00000245532,ENST00000616315,1393,283131,NEAT1,nuclear paraspeckle assembly transcript 1,
19,4350284,4350683,400,*,*,-0.989160373,Promoter (1-2kb),19,4347780,4349061,1282,2,ENSG00000267938,ENST00000600054,-1223,NA,NA,NA,
1,6592691,6593090,400,*,*,-0.880822488,3' UTR,1,6588687,6589280,594,1,ENSG00000204859,ENST00000466941,4004,3104,ZBTB48,zinc finger and BTB domain containing 48,
6,13574295,13574694,400,*,*,-0.70426037,Promoter (<=1kb),6,13574529,13615158,40630,1,ENSG00000124523,ENST00000680442,0,23408,SIRT5,sirtuin 5,
1,50764260,50764659,400,*,*,-1.908415456,"Intron (ENST00000396153/ENSG00000185104, intron 4 of 18)",1,50780340,50781150,811,1,ENSG00000230585,ENST00000453979,-15681,NA,NA,NA,
10,133660477,133660876,400,*,*,-1.908415456,Promoter (<=1kb),10,133657235,133660635,3401,2,ENSG00000230468,ENST00000438421,0,NA,NA,NA,
9,7166139,7166538,400,*,*,1.241435988,"Intron (ENST00000381306/ENSG00000107077, intron 20 of 20)",9,7177577,7203458,25882,1,ENSG00000285688,ENST00000649299,-11039,NA,NA,NA,
22,24084540,24084939,400,*,*,1.241432481,Promoter (2-3kb),22,24087588,24092013,4426,1,ENSG00000099991,ENST00000496016,-2649,23523,CABIN1,calcineurin binding protein 1,
6,28335396,28335795,400,*,*,-0.634965234,Promoter (<=1kb),6,28327448,28335451,8004,2,ENSG00000235109,ENST00000439636,0,64288,ZSCAN31,zinc finger and SCAN domain containing 31,
11,695367,695766,400,*,*,-0.580959212,Promoter (<=1kb),11,695591,704127,8537,1,ENSG00000177042,ENST00000608174,0,283232,TMEM80,transmembrane protein 80,
4,124712485,124712884,400,*,*,-0.772982098,Promoter (<=1kb),4,124664048,124712732,48685,2,ENSG00000151458,ENST00000504087,0,57182,ANKRD50,ankyrin repeat domain containing 50,
6,52504148,52504547,400,*,*,-0.6385032,"Intron (ENST00000637353/ENSG00000096093, intron 10 of 10)",6,52522989,52529886,6898,1,ENSG00000096093,ENST00000636713,-18442,114327,EFHC1,EF-hand domain containing 1,
10,117025384,117025783,400,*,*,1.085443322,Promoter (1-2kb),10,117023674,117023851,178,2,ENSG00000235742,ENST00000451232,-1533,NA,NA,NA,
4,25449756,25450155,400,*,*,1.085444532,Distal Intergenic,4,25472517,25473815,1299,1,ENSG00000249320,ENST00000513686,-22362,NA,NA,NA,
X,65508576,65508975,400,*,*,-1.063096953,"Intron (ENST00000677056/ENSG00000001497, intron 8 of 8)",23,65520429,65523617,3189,2,ENSG00000001497,ENST00000469091,14642,81887,LAS1L,LAS1 like ribosome biogenesis factor,
14,53946346,53946745,400,*,*,-1.063097979,Promoter (1-2kb),14,53948427,53948484,58,2,ENSG00000266431,ENST00000580850,1739,100847076,MIR5580,microRNA 5580,
2,47068122,47068521,400,*,*,-1.063097031,Promoter (<=1kb),2,47067822,47071204,3383,1,ENSG00000225187,ENST00000421759,300,NA,NA,NA,
X,25028106,25028505,400,*,*,1.68967471,Promoter (1-2kb),23,25029545,25030235,691,1,ENSG00000214111,ENST00000438281,-1040,NA,NA,NA,
13,73058698,73059097,400,*,*,-0.756478549,Promoter (<=1kb),13,73059005,73077538,18534,1,ENSG00000102554,ENST00000377687,0,688,KLF5,KLF transcription factor 5,
2,200185498,200185897,400,*,*,1.688392529,Distal Intergenic,2,200086870,200100025,13156,1,ENSG00000287027,ENST00000665393,98628,NA,NA,NA,
9,2790563,2790962,400,*,*,-1.247536498,"Intron (ENST00000490444/ENSG00000080608, intron 2 of 3)",9,2720469,2807830,87362,2,ENSG00000080608,ENST00000490444,16868,9933,PUM3,pumilio RNA binding family member 3,
3,14631379,14631778,400,*,*,-1.247407116,"Intron (ENST00000635800/ENSG00000283392, intron 1 of 2)",3,14648194,14649432,1239,2,ENSG00000235629,ENST00000424242,17654,NA,NA,NA,
21,42046503,42046902,400,*,*,-1.247325565,"Intron (ENST00000676087/ENSG00000237232, intron 2 of 2)",21,42055978,42057159,1182,2,ENSG00000289322,ENST00000692249,10257,NA,NA,NA,
1,34472455,34472854,400,*,*,-1.247349037,Distal Intergenic,1,34276859,34277292,434,2,ENSG00000270241,ENST00000604298,-195163,100420336,LOC100420336,"ferritin, heavy polypeptide 1 pseudogene",
2,96724977,96725376,400,*,*,1.683339958,"Intron (ENST00000264963/ENSG00000114988, intron 4 of 7)",2,96711726,96734687,22962,2,ENSG00000114988,ENST00000480869,9311,81562,LMAN2L,"lectin, mannose binding 2 like",
11,9314502,9314901,400,*,*,-0.596723907,Promoter (<=1kb),11,9280654,9314567,33914,2,ENSG00000166471,ENST00000299596,0,440026,TMEM41B,transmembrane protein 41B,
6,32938033,32938432,400,*,*,-1.172670683,Promoter (<=1kb),6,32934629,32938688,4060,2,ENSG00000242574,ENST00000414017,256,3109,HLA-DMB,"major histocompatibility complex, class II, DM beta",
15,22837332,22837731,400,*,*,-1.172671248,Promoter (<=1kb),15,22838644,22851665,13022,1,ENSG00000140157,ENST00000560205,-913,81614,NIPA2,NIPA magnesium transporter 2,
3,39168434,39168833,400,*,*,-1.172671429,"Intron (ENST00000641308/ENSG00000284669, intron 2 of 3)",3,39161270,39161520,251,1,ENSG00000214305,ENST00000398067,7164,NA,NA,NA,
1,236097092,236097491,400,*,*,-0.626625288,Distal Intergenic,1,236110061,236112370,2310,1,ENSG00000235371,ENST00000446607,-12570,NA,NA,NA,
7,95735755,95736154,400,*,*,1.680627111,Distal Intergenic,7,95772506,96110071,337566,1,ENSG00000158560,ENST00000537881,-36352,1780,DYNC1I1,dynein cytoplasmic 1 intermediate chain 1,
22,39532684,39533083,400,*,*,-0.628961882,Promoter (<=1kb),22,39529093,39532748,3656,2,ENSG00000187051,ENST00000334678,0,91582,RPS19BP1,ribosomal protein S19 binding protein 1,
4,89111336,89111735,400,*,*,-0.660000575,Promoter (<=1kb),4,88767983,89111398,343416,2,ENSG00000138640,ENST00000502459,0,10144,FAM13A,family with sequence similarity 13 member A,
10,43436614,43437013,400,*,*,-0.660103126,Promoter (<=1kb),10,43436841,43481678,44838,1,ENSG00000243660,ENST00000315429,0,642819,ZNF487,zinc finger protein 487,
6,16277255,16277654,400,*,*,-0.921890016,"Intron (ENST00000259727/ENSG00000137198, intron 5 of 8)",6,16289518,16295544,6027,1,ENSG00000137198,ENST00000544145,-11864,2766,GMPR,guanosine monophosphate reductase,
14,20461536,20461935,400,*,*,-0.584619732,Promoter (<=1kb),14,20457858,20461465,3608,2,ENSG00000165782,ENST00000398020,-71,90809,PIP4P1,"phosphatidylinositol-4,5-bisphosphate 4-phosphatase 1",
7,66628677,66629076,400,*,*,-0.585340949,Promoter (<=1kb),7,66628881,66643047,14167,1,ENSG00000243335,ENST00000639828,0,154881,KCTD7,potassium channel tetramerization domain containing 7,
10,72001672,72002071,400,*,*,0.999405537,"Intron (ENST00000373115/ENSG00000122863, intron 1 of 2)",10,71964395,72013558,49164,1,ENSG00000122863,ENST00000373115,37277,9469,CHST3,carbohydrate sulfotransferase 3,
10,45465016,45465415,400,*,*,-0.811594056,Promoter (2-3kb),10,45457511,45462204,4694,2,ENSG00000165406,ENST00000476962,-2812,220972,MARCHF8,membrane associated ring-CH-type finger 8,
15,45403279,45403678,400,*,*,-1.016564535,Promoter (<=1kb),15,45402375,45421327,18953,1,ENSG00000171763,ENST00000531970,904,79029,SPATA5L1,spermatogenesis associated 5 like 1,
6,27893059,27893458,400,*,*,-0.550634806,Promoter (<=1kb),6,27890635,27893106,2472,2,ENSG00000197153,ENST00000479986,0,8356,H3C12,H3 clustered histone 12,
3,157330439,157330838,400,*,*,-1.337117571,"Intron (ENST00000487238/ENSG00000243176, intron 2 of 2)",3,157363293,157364481,1189,2,ENSG00000197415,ENST00000472419,33643,79674,VEPH1,ventricular zone expressed PH domain containing 1,
10,71266760,71267159,400,*,*,-1.655415267,"Intron (ENST00000335350/ENSG00000107731, intron 1 of 16)",10,71217220,71218294,1075,2,ENSG00000237512,ENST00000447119,-48466,728978,UNC5B-AS1,UNC5B antisense RNA 1,
5,135761546,135761945,400,*,*,-1.655415267,"Intron (ENST00000646290/ENSG00000145832, intron 3 of 10)",5,135742462,135746356,3895,2,ENSG00000223539,ENST00000512971,-15190,NA,NA,NA,
2,121043090,121043489,400,*,*,-1.10815206,Promoter (2-3kb),2,121040610,121040710,101,2,ENSG00000201584,ENST00000364714,-2380,NA,NA,NA,
10,11320840,11321239,400,*,*,-1.108181963,Promoter (<=1kb),10,11316833,11319884,3052,2,ENSG00000181800,ENST00000379256,-956,414196,CELF2-AS1,CELF2 antisense RNA 1,
2,131517796,131518195,400,*,*,-1.108163918,"Exon (ENST00000415574/ENSG00000152117, exon 14 of 19)",2,131527675,131530180,2506,1,ENSG00000163040,ENST00000465939,-9480,90557,CCDC74A,coiled-coil domain containing 74A,
9,97039079,97039478,400,*,*,-0.772801066,Promoter (<=1kb),9,97029677,97039102,9426,2,ENSG00000136943,ENST00000538255,0,1515,CTSV,cathepsin V,
6,100881128,100881527,400,*,*,-0.687152148,Promoter (<=1kb),6,100508194,100881329,373136,2,ENSG00000112249,ENST00000369162,0,10973,ASCC3,activating signal cointegrator 1 complex subunit 3,
10,68450696,68451095,400,*,*,2.291957219,"Intron (ENST00000551118/ENSG00000138346, intron 5 of 16)",10,68436854,68443006,6153,2,ENSG00000138346,ENST00000478029,-7690,1763,DNA2,DNA replication helicase/nuclease 2,
10,28302872,28303271,400,*,*,-0.611388363,Promoter (<=1kb),10,28050993,28303064,252072,2,ENSG00000150054,ENST00000683449,0,143098,MPP7,MAGUK p55 scaffold protein 7,
22,43449870,43450269,400,*,*,1.014390317,"Intron (ENST00000417669/ENSG00000186732, intron 3 of 6)",22,43416755,43425225,8471,1,ENSG00000186732,ENST00000480239,33115,758,MPPED1,metallophosphoesterase domain containing 1,
17,42388400,42388799,400,*,*,-0.558900677,Promoter (<=1kb),17,42313324,42388442,75119,2,ENSG00000168610,ENST00000264657,0,6774,STAT3,signal transducer and activator of transcription 3,
12,123497162,123497561,400,*,*,1.139396144,"Intron (ENST00000376874/ENSG00000188026, intron 4 of 6)",12,123472167,123484974,12808,2,ENSG00000188026,ENST00000544468,-12188,353116,RILPL1,Rab interacting lysosomal protein like 1,
5,57423115,57423514,400,*,*,1.13943415,Promoter (<=1kb),5,57422464,57424391,1928,1,ENSG00000250308,ENST00000510352,651,100419717,SALL4P1,spalt like transcription factor 4 pseudogene 1,
18,5814517,5814916,400,*,*,1.139430417,"Intron (ENST00000667177/ENSG00000261738, intron 5 of 5)",18,5839318,5852033,12716,1,ENSG00000261738,ENST00000659973,-24402,645355,MIR3976HG,MIR3976 host gene,
21,45316918,45317317,400,*,*,1.139461457,Promoter (2-3kb),21,45319825,45320834,1010,1,ENSG00000288842,ENST00000686985,-2508,NA,NA,NA,
1,154974279,154974678,400,*,*,-0.595799582,Promoter (<=1kb),1,154962298,154974376,12079,2,ENSG00000160691,ENST00000368450,0,6464,SHC1,SHC adaptor protein 1,
6,80004337,80004736,400,*,*,-0.663923765,Promoter (<=1kb),6,80004649,80042527,37879,1,ENSG00000112742,ENST00000369798,0,7272,TTK,TTK protein kinase,
13,51803601,51804000,400,*,*,-0.663931838,Promoter (<=1kb),13,51790023,51803723,13701,2,ENSG00000102796,ENST00000497151,0,79758,DHRS12,dehydrogenase/reductase 12,
11,62665000,62665399,400,*,*,-0.614151663,Promoter (<=1kb),11,62665309,62667397,2089,1,ENSG00000214756,ENST00000398922,0,751071,CSKMT,citrate synthase lysine methyltransferase,
17,75779720,75780119,400,*,*,-0.609245699,Promoter (<=1kb),17,75776434,75779779,3346,2,ENSG00000132475,ENST00000254810,0,3021,H3-3B,H3.3 histone B,
11,76768462,76768861,400,*,*,-0.738084937,Promoter (<=1kb),11,76766859,76768622,1764,2,ENSG00000254632,ENST00000667039,0,NA,NA,NA,
12,26938226,26938625,400,*,*,-0.600097132,Promoter (<=1kb),12,26925761,26938304,12544,2,ENSG00000064102,ENST00000544548,0,55726,INTS13,integrator complex subunit 13,
18,35465895,35466294,400,*,*,-1.051850481,Promoter (<=1kb),18,35443869,35466752,22884,2,ENSG00000267583,ENST00000593122,458,NA,NA,NA,
7,157727308,157727707,400,*,*,-1.051906573,"Intron (ENST00000389413/ENSG00000155093, intron 11 of 21)",7,157739010,157740456,1447,2,ENSG00000231515,ENST00000448541,12749,NA,NA,NA,
16,1611941,1612340,400,*,*,-0.58372806,Promoter (<=1kb),16,1612337,1614798,2462,1,ENSG00000007545,ENST00000674071,0,57585,CRAMP1,cramped chromatin regulator homolog 1,
10,95202353,95202752,400,*,*,-3.026306929,"Intron (ENST00000327739/ENSG00000173124, intron 3 of 8)",10,95194477,95228924,34448,1,ENSG00000173124,ENST00000394005,7876,142827,ACSM6,acyl-CoA synthetase medium chain family member 6,
5,78929682,78930081,400,*,*,1.293141118,"Intron (ENST00000264914/ENSG00000113273, intron 4 of 7)",5,78884294,78955374,71081,2,ENSG00000113273,ENST00000521800,25293,411,ARSB,arylsulfatase B,
9,17626079,17626478,400,*,*,1.291953716,"Intron (ENST00000380607/ENSG00000107295, intron 1 of 8)",9,17589161,17591318,2158,2,ENSG00000228810,ENST00000428966,-34761,NA,NA,NA,
15,45049002,45049401,400,*,*,-0.722829119,Promoter (1-2kb),15,45047103,45047215,113,2,ENSG00000252171,ENST00000516362,-1787,NA,NA,NA,
7,104858095,104858494,400,*,*,1.292915067,"Intron (ENST00000401970/ENSG00000187416, intron 3 of 3)",7,104826336,104826796,461,1,ENSG00000237606,ENST00000431233,31759,NA,NA,NA,
19,5904437,5904836,400,*,*,-0.498008764,Promoter (<=1kb),19,5904841,5914707,9867,1,ENSG00000267314,ENST00000588891,-5,NA,NA,NA,
19,11435162,11435561,400,*,*,-0.595181049,Promoter (<=1kb),19,11435284,11442432,7149,1,ENSG00000130175,ENST00000676823,0,5589,PRKCSH,protein kinase C substrate 80K-H,
16,14004519,14004918,400,*,*,1.293073131,"Intron (ENST00000668908/ENSG00000262097, intron 2 of 2)",16,14013031,14016001,2971,2,ENSG00000262097,ENST00000576797,11083,NA,NA,NA,
19,48623983,48624382,400,*,*,-0.601417522,Promoter (<=1kb),19,48624006,48630717,6712,1,ENSG00000063176,ENST00000597434,0,56848,SPHK2,sphingosine kinase 2,
7,66092639,66093038,400,*,*,1.031536898,3' UTR,7,66089239,66092954,3716,1,ENSG00000126522,ENST00000464970,3400,435,ASL,argininosuccinate lyase,
10,119086367,119086766,400,*,*,1.031537994,Distal Intergenic,10,119080929,119081300,372,1,ENSG00000289126,ENST00000687829,5438,NA,NA,NA,
5,2013431,2013830,400,*,*,1.031539045,"Intron (ENST00000653000/ENSG00000248994, intron 2 of 8)",5,1968094,1969013,920,1,ENSG00000249731,ENST00000514519,45337,NA,NA,NA,
6,158908905,158909304,400,*,*,1.031540281,"Intron (ENST00000654049/ENSG00000203711, intron 3 of 3)",6,158921271,158922150,880,2,ENSG00000213076,ENST00000434104,12846,NA,NA,NA,
12,165912,166311,400,*,*,-0.903010317,Promoter (<=1kb),12,164664,166321,1658,2,ENSG00000256694,ENST00000540136,10,NA,NA,NA,
3,141793911,141794310,400,*,*,-0.90370809,"Intron (ENST00000648835/ENSG00000285558, intron 2 of 2)",3,141778148,141818490,40343,1,ENSG00000114124,ENST00000264952,15763,131890,GRK7,G protein-coupled receptor kinase 7,
12,172106,172505,400,*,*,-0.571987406,"Intron (ENST00000538872/ENSG00000120645, intron 13 of 13)",12,169055,175359,6305,1,ENSG00000120645,ENST00000537151,3051,440073,IQSEC3,IQ motif and Sec7 domain ArfGEF 3,
6,42939087,42939486,400,*,*,0.76649995,Promoter (<=1kb),6,42940364,42943970,3607,1,ENSG00000231113,ENST00000450671,-878,NA,NA,NA,
5,57173592,57173991,400,*,*,-0.555060427,Promoter (<=1kb),5,57173948,57264679,90732,1,ENSG00000062194,ENST00000424459,0,65056,GPBP1,GC-rich promoter binding protein 1,
9,136790782,136791181,400,*,*,-0.518270227,Promoter (<=1kb),9,136791344,136793317,1974,1,ENSG00000244187,ENST00000290079,-163,85014,TMEM141,transmembrane protein 141,
12,121794232,121794631,400,*,*,-0.592739678,Promoter (<=1kb),12,121780487,121794262,13776,2,ENSG00000139725,ENST00000537171,0,54509,RHOF,"ras homolog family member F, filopodia associated",
19,19320341,19320740,400,*,*,-0.694308949,Promoter (<=1kb),19,19276033,19320509,44477,2,ENSG00000105705,ENST00000247001,0,57794,SUGP1,SURP and G-patch domain containing 1,
15,53038517,53038916,400,*,*,1.43920332,"Intron (ENST00000692805/ENSG00000259237, intron 1 of 1)",15,53035170,53130344,95175,1,ENSG00000259237,ENST00000692805,3347,105370822,LINC02490,long intergenic non-protein coding RNA 2490,
3,196851561,196851960,400,*,*,1.434028272,Distal Intergenic,3,196857591,196867801,10211,2,ENSG00000289446,ENST00000692904,15841,NA,NA,NA,
19,19935011,19935410,400,*,*,1.435440386,Promoter (1-2kb),19,19933529,19934626,1098,1,ENSG00000184635,ENST00000638737,1482,81931,ZNF93,zinc finger protein 93,
17,80147019,80147418,400,*,*,-0.606256794,Promoter (<=1kb),17,80134369,80147128,12760,2,ENSG00000141543,ENST00000649764,0,9775,EIF4A3,eukaryotic translation initiation factor 4A3,
4,64208652,64209051,400,*,*,1.175155486,Distal Intergenic,4,64280075,64281536,1462,2,ENSG00000205678,ENST00000511997,72485,253017,TECRL,"trans-2,3-enoyl-CoA reductase like",
20,40886008,40886407,400,*,*,1.175211218,Distal Intergenic,20,40854119,40854229,111,2,ENSG00000238908,ENST00000458857,-31779,100873726,RNA5SP484,"RNA, 5S ribosomal pseudogene 484",
12,51814568,51814967,400,*,*,-1.002297518,Promoter (<=1kb),12,51813921,51814925,1005,2,ENSG00000284730,ENST00000642069,0,112163659,TMDD1,transmembrane and death domain 1,
9,85502869,85503268,400,*,*,-1.002302286,Distal Intergenic,9,85492579,85494094,1516,1,ENSG00000227412,ENST00000423835,10290,553118,STK33P1,serine/threonine kinase 33 pseudogene 1,
10,128464333,128464732,400,*,*,1.434610029,Distal Intergenic,10,128316282,128320214,3933,2,ENSG00000234640,ENST00000454492,-144119,NA,NA,NA,
3,183275567,183275966,400,*,*,1.429635002,"Intron (ENST00000480551/ENSG00000176597, intron 1 of 2)",3,183265344,183269948,4605,1,ENSG00000176597,ENST00000481531,10223,84002,B3GNT5,"UDP-GlcNAc:betaGal beta-1,3-N-acetylglucosaminyltransferase 5",
17,51646601,51647000,400,*,*,1.175185116,"Intron (ENST00000570565/ENSG00000154975, intron 6 of 8)",17,51661593,51747788,86196,2,ENSG00000154975,ENST00000575097,100788,56934,CA10,carbonic anhydrase 10,
12,130133254,130133653,400,*,*,1.175061744,Distal Intergenic,12,130138693,130140768,2076,1,ENSG00000276122,ENST00000611525,-5040,NA,NA,NA,
14,74493268,74493667,400,*,*,-0.579015251,Promoter (<=1kb),14,74476192,74493307,17116,2,ENSG00000119655,ENST00000434013,0,10577,NPC2,NPC intracellular cholesterol transporter 2,
12,122887267,122887666,400,*,*,-0.772258166,Promoter (1-2kb),12,122870059,122888720,18662,2,ENSG00000280138,ENST00000623210,1054,NA,NA,NA,
1,4709905,4710304,400,*,*,0.950828238,Promoter (<=1kb),1,4711155,4712165,1011,1,ENSG00000196581,ENST00000466761,-851,55966,AJAP1,adherens junctions associated protein 1,
11,16607640,16608039,400,*,*,0.951065285,Promoter (<=1kb),11,16465781,16607727,141947,2,ENSG00000110693,ENST00000525835,0,55553,SOX6,SRY-box transcription factor 6,
10,92461991,92462390,400,*,*,1.434368854,"Intron (ENST00000371581/ENSG00000119912, intron 11 of 14)",10,92452259,92456833,4575,2,ENSG00000119912,ENST00000678097,-5158,3416,IDE,insulin degrading enzyme,
7,12671289,12671688,400,*,*,1.436576123,Distal Intergenic,7,12685637,12686033,397,1,ENSG00000271253,ENST00000604949,-13949,NA,NA,NA,
1,46312203,46312602,400,*,*,-1.440114516,Promoter (2-3kb),1,46309921,46316776,6856,1,ENSG00000173660,ENST00000460947,2282,7388,UQCRH,ubiquinol-cytochrome c reductase hinge protein,
2,222318202,222318601,400,*,*,-1.440114516,Promoter (<=1kb),2,222318275,222321512,3238,1,ENSG00000237732,ENST00000587192,0,440934,CT75,cancer/testis associated transcript 75,
4,54830649,54831048,400,*,*,-1.440996228,Distal Intergenic,4,54836161,54845402,9242,2,ENSG00000249727,ENST00000512898,14354,NA,NA,NA,
21,46543485,46543884,400,*,*,0.888712964,"Intron (ENST00000417564/ENSG00000160305, intron 18 of 37)",21,46538735,46547205,8471,1,ENSG00000160305,ENST00000480553,4750,23181,DIP2A,disco interacting protein 2 homolog A,
16,87093194,87093593,400,*,*,1.051722733,"Intron (ENST00000562840/ENSG00000260456, intron 4 of 4)",16,87066705,87069752,3048,1,ENSG00000261363,ENST00000566798,26489,NA,NA,NA,
6,29970553,29970952,400,*,*,1.051832543,Promoter (1-2kb),6,29970801,29972464,1664,2,ENSG00000229390,ENST00000413248,1512,NA,NA,NA,
2,43595988,43596387,400,*,*,-0.656905334,Promoter (<=1kb),2,43230851,43596038,365188,2,ENSG00000115970,ENST00000405975,0,63892,THADA,THADA armadillo repeat containing,
4,67545376,67545775,400,*,*,-0.656963475,Promoter (<=1kb),4,67468762,67545503,76742,2,ENSG00000145241,ENST00000273853,0,1060,CENPC,centromere protein C,
11,72112291,72112690,400,*,*,-0.580893159,Promoter (<=1kb),11,72109590,72112686,3097,2,ENSG00000110200,ENST00000545944,0,25906,ANAPC15,anaphase promoting complex subunit 15,
11,66883061,66883460,400,*,*,-0.844149294,"Intron (ENST00000529047/ENSG00000173599, intron 3 of 22)",11,66860448,66872039,11592,2,ENSG00000173599,ENST00000628663,-11022,5091,PC,pyruvate carboxylase,
10,76011704,76012103,400,*,*,-0.958251877,"Intron (ENST00000611255/ENSG00000148655, intron 2 of 6)",10,76036006,76058789,22784,1,ENSG00000148655,ENST00000611306,-23903,83938,LRMDA,leucine rich melanocyte differentiation associated,
1,821106,821505,400,*,*,-0.735316876,"Intron (ENST00000635509/ENSG00000230021, intron 1 of 3)",1,800879,817712,16834,2,ENSG00000230092,ENST00000447500,-3394,NA,NA,NA,
15,85088359,85088758,400,*,*,-1.099530649,"Intron (ENST00000310298/ENSG00000073417, intron 7 of 22)",15,85097803,85114038,16236,1,ENSG00000073417,ENST00000558543,-9045,5151,PDE8A,phosphodiesterase 8A,
1,30718126,30718525,400,*,*,-0.510146795,Promoter (<=1kb),1,30718504,30726744,8241,1,ENSG00000186056,ENST00000414532,0,100129196,MATN1-AS1,MATN1 antisense RNA 1,
7,100569113,100569512,400,*,*,-0.718740381,Promoter (<=1kb),7,100570131,100571136,1006,1,ENSG00000184414,ENST00000223076,-619,NA,NA,NA,
3,73718447,73718846,400,*,*,-1.170001768,Distal Intergenic,3,73648399,73648807,409,2,ENSG00000242364,ENST00000495472,-69640,111501764,LOC111501764,peroxiredoxin 5 pseudogene,
2,211905108,211905507,400,*,*,-1.171158452,"Intron (ENST00000402597/ENSG00000178568, intron 2 of 25)",2,211725152,211960762,235611,2,ENSG00000178568,ENST00000484474,55255,2066,ERBB4,erb-b2 receptor tyrosine kinase 4,
2,12316700,12317099,400,*,*,0.962417521,Promoter (2-3kb),2,12314321,12562617,248297,1,ENSG00000224184,ENST00000412606,2379,100506457,MIR3681HG,MIR3681 host gene,
2,10478733,10479132,400,*,*,0.962416489,Distal Intergenic,2,10453798,10457693,3896,1,ENSG00000257135,ENST00000670859,24935,NA,NA,NA,
17,19464797,19465196,400,*,*,0.962462063,"Intron (ENST00000629746/ENSG00000235979, intron 2 of 2)",17,19438772,19461020,22249,2,ENSG00000235979,ENST00000655270,-3777,NA,NA,NA,
8,54250089,54250488,400,*,*,-1.171717316,Promoter (2-3kb),8,54247633,54247906,274,1,ENSG00000253840,ENST00000519514,2456,NA,NA,NA,
5,128464611,128465010,400,*,*,-1.170703498,"Exon (ENST00000262464/ENSG00000138829, exon 6 of 65)",5,128328299,128537821,209523,2,ENSG00000138829,ENST00000508989,72811,2201,FBN2,fibrillin 2,
17,67066214,67066613,400,*,*,-1.17011668,Distal Intergenic,17,67044554,67056797,12244,1,ENSG00000108878,ENST00000226021,21660,786,CACNG1,calcium voltage-gated channel auxiliary subunit gamma 1,
X,70417837,70418236,400,*,*,-1.170634317,"Exon (ENST00000374403/ENSG00000090889, exon 29 of 31)",23,70423031,70433390,10360,1,ENSG00000130055,ENST00000453994,-4795,54857,GDPD2,glycerophosphodiester phosphodiesterase domain containing 2,
10,23359702,23360101,400,*,*,-1.169266133,Distal Intergenic,10,23316737,23344845,28109,2,ENSG00000179133,ENST00000323327,-14857,256815,C10orf67,chromosome 10 open reading frame 67,
7,80224354,80224753,400,*,*,-1.170191379,3' UTR,7,80210112,80217812,7701,1,ENSG00000127955,ENST00000649208,14242,2770,GNAI1,G protein subunit alpha i1,
11,65146359,65146758,400,*,*,-0.918844456,Promoter (<=1kb),11,65145691,65145972,282,2,ENSG00000254455,ENST00000527837,-387,NA,NA,NA,
X,71108004,71108403,400,*,*,-0.918844456,Promoter (1-2kb),23,71103889,71106788,2900,2,ENSG00000204165,ENST00000438526,-1216,158830,CXorf65,chromosome X open reading frame 65,
5,177478255,177478654,400,*,*,-0.918856876,Promoter (1-2kb),5,177476631,177479656,3026,2,ENSG00000279821,ENST00000623593,1002,NA,NA,NA,
5,171306478,171306877,400,*,*,-0.91899601,Promoter (2-3kb),5,171309248,171312139,2892,1,ENSG00000164438,ENST00000296921,-2371,30012,TLX3,T cell leukemia homeobox 3,
12,7188303,7188702,400,*,*,-0.91905492,Promoter (<=1kb),12,7188685,7201795,13111,1,ENSG00000139197,ENST00000536883,0,5830,PEX5,peroxisomal biogenesis factor 5,
17,44808268,44808667,400,*,*,-1.170472886,Promoter (<=1kb),17,44803034,44807884,4851,2,ENSG00000182963,ENST00000330514,-384,10052,GJC1,gap junction protein gamma 1,
2,119366743,119367142,400,*,*,-0.605513363,Promoter (<=1kb),2,119366924,119372550,5627,1,ENSG00000155368,ENST00000535617,0,1622,DBI,"diazepam binding inhibitor, acyl-CoA binding protein",
21,32944263,32944662,400,*,*,1.076039357,"Intron (ENST00000663888/ENSG00000205930, intron 4 of 5)",21,32958888,32960566,1679,1,ENSG00000228961,ENST00000424837,-14226,102724502,LINC01690,long intergenic non-protein coding RNA 1690,
11,64713335,64713734,400,*,*,1.076043665,Promoter (<=1kb),11,64607044,64713699,106656,2,ENSG00000110076,ENST00000688050,0,9379,NRXN2,neurexin 2,
1,11187351,11187750,400,*,*,1.076047442,Promoter (1-2kb),1,11189355,11195981,6627,1,ENSG00000171819,ENST00000376819,-1605,10218,ANGPTL7,angiopoietin like 7,
3,39797651,39798050,400,*,*,1.076046211,Distal Intergenic,3,39808914,40258166,449253,1,ENSG00000170011,ENST00000444716,-10864,25924,MYRIP,myosin VIIA and Rab interacting protein,
4,21857782,21858181,400,*,*,1.07605377,Promoter (2-3kb),4,21729850,21855715,125866,2,ENSG00000185774,ENST00000512102,-2067,80333,KCNIP4,potassium voltage-gated channel interacting protein 4,
14,102772721,102773120,400,*,*,1.076071563,Promoter (1-2kb),14,102771135,102774765,3631,2,ENSG00000259508,ENST00000559402,1645,NA,NA,NA,
7,101000234,101000633,400,*,*,1.076075046,"Exon (ENST00000536621/ENSG00000205277, exon 2 of 12)",7,101013054,101018834,5781,1,ENSG00000205277,ENST00000305119,-12421,10071,MUC12,"mucin 12, cell surface associated",
8,25822325,25822724,400,*,*,1.076070887,"Intron (ENST00000649347/ENSG00000285890, intron 2 of 2)",8,25820975,25833464,12490,2,ENSG00000285890,ENST00000649347,10740,NA,NA,NA,
12,57520421,57520820,400,*,*,-0.515104895,Promoter (<=1kb),12,57520710,57525414,4705,1,ENSG00000166987,ENST00000548887,0,114785,MBD6,methyl-CpG binding domain protein 6,
19,7069157,7069556,400,*,*,-0.573964328,Promoter (<=1kb),19,7056207,7069665,13459,2,ENSG00000182315,ENST00000689071,109,653657,MBD3L3,methyl-CpG binding domain protein 3 like 3,
17,21551084,21551483,400,*,*,0.894822234,Promoter (<=1kb),17,21428263,21551669,123407,2,ENSG00000212719,ENST00000667136,186,339263,LINC02693,long intergenic non-protein coding RNA 2693,
9,137741998,137742397,400,*,*,-1.03856271,Promoter (<=1kb),9,137742957,137747964,5008,1,ENSG00000181090,ENST00000637318,-560,79813,EHMT1,euchromatic histone lysine methyltransferase 1,
9,128327106,128327505,400,*,*,-1.038561743,Promoter (2-3kb),9,128330412,128334068,3657,1,ENSG00000167113,ENST00000461102,-2907,51117,COQ4,coenzyme Q4,
22,17854458,17854857,400,*,*,-1.038615622,"Intron (ENST00000441493/ENSG00000243156, intron 19 of 31)",22,17839951,17842482,2532,2,ENSG00000243156,ENST00000578905,-11976,57553,MICAL3,"microtubule associated monooxygenase, calponin and LIM domain containing 3",
2,88627389,88627788,400,*,*,-0.569659221,Promoter (<=1kb),2,88556741,88627464,70724,2,ENSG00000172071,ENST00000303236,0,9451,EIF2AK3,eukaryotic translation initiation factor 2 alpha kinase 3,
19,2270944,2271343,400,*,*,-0.68854725,Promoter (<=1kb),19,2271319,2272777,1459,1,ENSG00000104904,ENST00000589361,0,4946,OAZ1,ornithine decarboxylase antizyme 1,
11,47487029,47487428,400,*,*,-2.117830543,Promoter (<=1kb),11,47477296,47486799,9504,2,ENSG00000149187,ENST00000422993,-230,10658,CELF1,CUGBP Elav-like family member 1,
9,122940705,122941104,400,*,*,-0.596916454,Promoter (<=1kb),9,122940833,123103268,162436,1,ENSG00000011454,ENST00000456584,0,23637,RABGAP1,RAB GTPase activating protein 1,
15,68003493,68003892,400,*,*,-2.129559381,Distal Intergenic,15,67985059,67986288,1230,1,ENSG00000260109,ENST00000568867,18434,NA,NA,NA,
9,79571660,79572059,400,*,*,-0.569353998,Promoter (<=1kb),9,79571773,79726882,155110,1,ENSG00000106829,ENST00000376544,0,7091,TLE4,"TLE family member 4, transcriptional corepressor",
17,59837602,59838001,400,*,*,-0.568621332,Promoter (<=1kb),17,59837628,59840223,2596,1,ENSG00000062716,ENST00000591782,0,81671,VMP1,vacuole membrane protein 1,
6,52299535,52299934,400,*,*,-0.88353596,Distal Intergenic,6,52264586,52284881,20296,2,ENSG00000112118,ENST00000419835,-14654,4172,MCM3,minichromosome maintenance complex component 3,
5,139661018,139661417,400,*,*,-0.580584694,Promoter (1-2kb),5,139659555,139680818,21264,1,ENSG00000171604,ENST00000509238,1463,51523,CXXC5,CXXC finger protein 5,
6,27814406,27814805,400,*,*,-0.549884759,Promoter (<=1kb),6,27814302,27814777,476,2,ENSG00000276368,ENST00000333151,0,8331,H2AC14,H2A clustered histone 14,
17,28711243,28711642,400,*,*,-0.571623535,Promoter (<=1kb),17,28704081,28711299,7219,2,ENSG00000167525,ENST00000579650,0,147011,PROCA1,protein interacting with cyclin A1,
16,3124229,3124628,400,*,*,-0.661450945,"Exon (ENST00000673666/ENSG00000263072, exon 4 of 7)",16,3125600,3129666,4067,2,ENSG00000263072,ENST00000573414,5038,NA,NA,NA,
6,167684758,167685157,400,*,*,1.602583501,Promoter (<=1kb),6,167679626,167683787,4162,2,ENSG00000203688,ENST00000400831,-971,441178,LINC02487,long intergenic non-protein coding RNA 2487,
1,182380945,182381344,400,*,*,0.975509268,3' UTR,1,182384415,182385939,1525,2,ENSG00000135821,ENST00000461447,4595,2752,GLUL,glutamate-ammonia ligase,
5,38902851,38903250,400,*,*,0.975536496,Promoter (1-2kb),5,38904398,38919566,15169,1,ENSG00000145623,ENST00000513831,-1148,9180,OSMR,oncostatin M receptor,
11,134866984,134867383,400,*,*,0.975540147,Distal Intergenic,11,134950708,134951568,861,1,ENSG00000255327,ENST00000528497,-83325,NA,NA,NA,
7,92833789,92834188,400,*,*,-0.649025143,Promoter (<=1kb),7,92604921,92833917,228997,2,ENSG00000105810,ENST00000265734,0,1021,CDK6,cyclin dependent kinase 6,
19,1605425,1605824,400,*,*,-0.649109807,Promoter (<=1kb),19,1597169,1605462,8294,2,ENSG00000127540,ENST00000591899,0,10975,UQCR11,"ubiquinol-cytochrome c reductase, complex III subunit XI",
22,42553706,42554105,400,*,*,-0.561568113,Promoter (<=1kb),22,42553859,42574381,20523,1,ENSG00000183569,ENST00000477564,0,253190,SERHL2,serine hydrolase like 2,
12,62728936,62729335,400,*,*,-0.985473388,"Intron (ENST00000228705/ENSG00000111110, intron 5 of 9)",12,62648574,62721020,72447,2,ENSG00000111110,ENST00000551214,-7916,57460,PPM1H,"protein phosphatase, Mg2+/Mn2+ dependent 1H",
8,28067563,28067962,400,*,*,-0.985527777,"Exon (ENST00000413272/ENSG00000189233, exon 6 of 19)",8,28069643,28083850,14208,2,ENSG00000189233,ENST00000418860,15888,389643,NUGGC,"nuclear GTPase, germinal center associated",
2,241561487,241561886,400,*,*,-0.985534535,Promoter (2-3kb),2,241544403,241558977,14575,2,ENSG00000234235,ENST00000434306,-2510,NA,NA,NA,
