"ID","Description","setSize","enrichmentScore","NES","pvalue","p.adjust","qvalue","rank","leading_edge","core_enrichment"
"KEGG_RIBOSOME","KEGG_RIBOSOME","KEGG_RIBOSOME",86,0.67392271343521,3.113297218253,1e-10,1.8e-08,1.36842105263158e-08,2981,"tags=73%, list=18%, signal=61%","51121/6230/6224/6193/6166/6206/6217/6234/6161/9349/2197/6143/6134/6231/6210/6232/6164/6233/6188/11224/6176/6202/6192/4736/6142/6229/6144/6189/7311/6158/6175/6203/3921/6132/6181/6209/6160/6137/6125/6135/25873/6169/6170/6157/6223/6227/6141/6122/6124/6205/6128/6152/6191/6168/6194/6133/6136/6159/23521/6207/6154/6138/6222"
"KEGG_OXIDATIVE_PHOSPHORYLATION","KEGG_OXIDATIVE_PHOSPHORYLATION","KEGG_OXIDATIVE_PHOSPHORYLATION",107,0.424034758322084,2.04500423273068,2.02144891294675e-06,0.000129357758399131,9.83421555081111e-05,2996,"tags=43%, list=18%, signal=36%","4706/1350/1345/374291/1329/4694/7381/27089/4715/9551/514/125965/4707/9114/539/4716/1340/1327/64077/4708/4726/4731/1537/7386/4713/8992/4722/521/4728/10632/6389/4696/513/4725/4711/4700/29796/4723/1349/10063/4704/4695/526/440567/23545/4719"
"KEGG_HUNTINGTONS_DISEASE","KEGG_HUNTINGTONS_DISEASE","KEGG_HUNTINGTONS_DISEASE",163,0.378627152452698,1.91347347770974,2.15596263998551e-06,0.000129357758399131,9.83421555081111e-05,3035,"tags=36%, list=18%, signal=30%","4706/1211/1350/1345/374291/1329/1175/4694/7381/27113/5438/27089/4715/514/163/125965/5441/4707/539/4716/1340/5978/1212/1327/4708/4726/4731/1537/7386/4713/5435/4722/5434/4728/64764/6389/4696/513/3092/4725/4711/6647/51164/4700/25942/29796/5431/4723/1349/4704/4695/440567/7416/8218/6875/25981/4719/7157/5439"
"KEGG_PARKINSONS_DISEASE","KEGG_PARKINSONS_DISEASE","KEGG_PARKINSONS_DISEASE",104,0.39811879651136,1.90442552431481,2.24223925418099e-05,0.00100900766438145,0.000767081850114549,3963,"tags=47%, list=24%, signal=36%","4706/1350/1345/374291/1329/4694/7381/27089/4715/514/125965/4707/539/4716/1340/1327/4708/4726/4731/1537/7386/4713/4722/4728/6389/4696/513/4725/4711/4700/29796/27429/4723/1349/11315/4704/4695/440567/7416/4719/4724/517/7326/7318/54205/4701/293/1337/4702"
"KEGG_CHRONIC_MYELOID_LEUKEMIA","KEGG_CHRONIC_MYELOID_LEUKEMIA","KEGG_CHRONIC_MYELOID_LEUKEMIA",69,0.439720128908095,1.95449791540151,7.01547914552688e-05,0.00219223460787569,0.00166661110540257,3600,"tags=42%, list=21%, signal=33%","572/5781/1869/7046/3265/6655/2122/1027/1029/3845/1870/5291/6654/23533/5925/1147/5604/598/7048/4893/6776/868/7157/5605/4790/1871/6777/1399/1398"
"KEGG_PANCREATIC_CANCER","KEGG_PANCREATIC_CANCER","KEGG_PANCREATIC_CANCER",64,0.442795548657728,1.9485240234678,8.39596601675409e-05,0.00219223460787569,0.00166661110540257,2252,"tags=31%, list=13%, signal=27%","9459/572/1869/675/7046/3716/7422/1029/3845/1870/5291/6772/23533/5925/1147/5604/598/5337/5879/7048"
"KEGG_UBIQUITIN_MEDIATED_PROTEOLYSIS","KEGG_UBIQUITIN_MEDIATED_PROTEOLYSIS","KEGG_UBIQUITIN_MEDIATED_PROTEOLYSIS",128,0.358083425528934,1.75452425708139,9.74326492389194e-05,0.00219223460787569,0.00166661110540257,3477,"tags=36%, list=21%, signal=29%","10273/997/92912/9320/672/55294/4214/7324/7337/4591/25898/8945/51366/23221/4734/9690/8451/55236/1643/991/83737/27339/23291/9354/8065/6923/27338/8450/329/246184/140739/22954/51529/8697/868/7323/6502/57448/64326/10075/1642/29882/7334/7326/7318/51343"
"KEGG_ALZHEIMERS_DISEASE","KEGG_ALZHEIMERS_DISEASE","KEGG_ALZHEIMERS_DISEASE",144,0.343445516238837,1.70493765701652,8.59524198834036e-05,0.00219223460787569,0.00166661110540257,4088,"tags=42%, list=24%, signal=32%","4706/572/6868/1350/1345/374291/1329/4694/7381/27089/4715/514/125965/4707/539/4716/1340/4035/1327/4708/4726/4731/1537/7386/4713/3709/4722/5532/4728/6389/102/4696/513/808/4725/4711/4700/29796/4723/1349/9451/4704/775/4695/23385/440567/4719/6263/5331/4724/517/54205/5530/351/4701/5332/1337/4702/824/5534/841"
"KEGG_CELL_CYCLE","KEGG_CELL_CYCLE","KEGG_CELL_CYCLE",120,0.355115200933886,1.72942099523661,0.000214210462353706,0.00428420924707412,0.00325700118198618,3524,"tags=40%, list=21%, signal=32%","1032/701/1869/9232/4616/5885/7272/983/10735/7534/10912/1027/1029/1870/5925/5347/902/7465/4174/9134/991/5591/9126/7532/1022/5934/27127/10459/4999/7531/699/10971/246184/10274/1111/51529/8697/9088/6502/7157/29882/545/1871/8556/8379/4173/51343/4998"
"KEGG_PYRIMIDINE_METABOLISM","KEGG_PYRIMIDINE_METABOLISM","KEGG_PYRIMIDINE_METABOLISM",89,0.395919387421401,1.83983999417226,0.000383544160352366,0.0069037948863426,0.0052484990364008,2535,"tags=34%, list=15%, signal=29%","9583/1841/56655/84265/55703/5438/10587/22978/5441/7083/30834/10623/30833/5435/51728/7296/5434/23649/54107/171568/54963/4830/4833/318/56474/10201/5431/1633/5422/1635"
"KEGG_CALCIUM_SIGNALING_PATHWAY","KEGG_CALCIUM_SIGNALING_PATHWAY","KEGG_CALCIUM_SIGNALING_PATHWAY",130,-0.398434855793625,-1.65107996092871,0.000744760416380238,0.0114254208574508,0.00868599246472865,3655,"tags=32%, list=22%, signal=25%","3274/5733/6262/815/5336/3706/5159/8911/2906/56848/113/6543/5533/777/553/7419/774/2064/491/814/115/5026/154/4846/818/163688/5335/23236/5156/57105/5731/3708/1131/10800/146/6869/683/817/2776/6547/4638/6915"
"KEGG_SPLICEOSOME","KEGG_SPLICEOSOME","KEGG_SPLICEOSOME",124,0.332552042439737,1.62871282872158,0.00076169472383005,0.0114254208574508,0.00868599246472865,3692,"tags=40%, list=22%, signal=32%","1665/6636/10084/51690/57461/6632/9128/10465/23658/51729/9092/6627/10907/10189/51645/4809/10915/56949/10992/6633/6625/57819/11338/10285/6635/6628/55660/26121/27339/83443/3303/6429/29896/57187/10772/3190/23451/3310/9343/51362/27316/6626/11325/22827/5093/1655/10291/3192/9716/988"
"KEGG_NUCLEOTIDE_EXCISION_REPAIR","KEGG_NUCLEOTIDE_EXCISION_REPAIR","KEGG_NUCLEOTIDE_EXCISION_REPAIR",43,0.45163907268614,1.79339475127579,0.00149325224656588,0.020675800337066,0.0157184447006935,4896,"tags=53%, list=29%, signal=38%","56655/5981/7508/2073/902/8451/1643/5887/54107/1022/2067/8450/5985/1642/6119/5427/5425/5983/2068/1161/2071/5426/6117"
"KEGG_PROTEASOME","KEGG_PROTEASOME","KEGG_PROTEASOME",42,0.452621926844535,1.7936806433916,0.00186593556801639,0.0234257050654573,0.0178090155468389,1525,"tags=31%, list=9%, signal=28%","5705/5721/5685/5719/7979/5710/5694/5696/5691/51371/5699/5684/5692"
"KEGG_CARDIAC_MUSCLE_CONTRACTION","KEGG_CARDIAC_MUSCLE_CONTRACTION","KEGG_CARDIAC_MUSCLE_CONTRACTION",51,0.423573192680833,1.7395458426214,0.00221242770062652,0.0234257050654573,0.0178090155468389,2845,"tags=39%, list=17%, signal=33%","1350/1345/7171/482/1329/7381/27089/125965/1340/10479/1327/1537/7386/7170/29796/1349/23439/775/7137/440567"
"KEGG_NON_SMALL_CELL_LUNG_CANCER","KEGG_NON_SMALL_CELL_LUNG_CANCER","KEGG_NON_SMALL_CELL_LUNG_CANCER",50,0.412144283511318,1.70329476969744,0.00219235771683093,0.0234257050654573,0.0178090155468389,1485,"tags=26%, list=9%, signal=24%","572/1869/3265/6655/1029/3845/1870/5291/6654/23533/5925/6256/5604"
"KEGG_PURINE_METABOLISM","KEGG_PURINE_METABOLISM","KEGG_PURINE_METABOLISM",135,0.316839901222878,1.55679476395972,0.00199112489302532,0.0234257050654573,0.0178090155468389,2386,"tags=28%, list=14%, signal=24%","9583/5471/56655/84265/55703/5438/159/22978/5634/5441/2987/5140/471/56985/205/30834/5169/10623/30833/5435/353/51728/5434/23649/54107/171568/5139/4830/4833/318/3614/10201/5431/1633/2618/5151/5422/5315"
"KEGG_FRUCTOSE_AND_MANNOSE_METABOLISM","KEGG_FRUCTOSE_AND_MANNOSE_METABOLISM","KEGG_FRUCTOSE_AND_MANNOSE_METABOLISM",30,0.515410659005204,1.9004658547108,0.00259036927267923,0.0259036927267923,0.0196928658156901,2589,"tags=37%, list=15%, signal=31%","7264/3099/5210/5372/5214/230/29085/29926/8898/5373/8776"
"KEGG_RNA_DEGRADATION","KEGG_RNA_DEGRADATION","KEGG_RNA_DEGRADATION",53,0.404662695690031,1.68730652323018,0.00277866220562295,0.0263241682637964,0.0200125255806639,3232,"tags=40%, list=19%, signal=32%","51690/22894/23658/2026/56915/1656/246175/64895/5073/22803/23517/57819/219988/23019/54464/54512/23016/11340/2023/9337/87178"
"KEGG_OLFACTORY_TRANSDUCTION","KEGG_OLFACTORY_TRANSDUCTION","KEGG_OLFACTORY_TRANSDUCTION",40,-0.491846019571035,-1.67025706257685,0.00397568289962342,0.0357811460966108,0.0272020408921602,3526,"tags=38%, list=21%, signal=30%","815/343172/441933/26539/392391/343171/1258/390054/818/128368/163688/817/2979/81472/392390"
"KEGG_CITRATE_CYCLE_TCA_CYCLE","KEGG_CITRATE_CYCLE_TCA_CYCLE","KEGG_CITRATE_CYCLE_TCA_CYCLE",28,0.503882267446928,1.80929597568435,0.00437287974662661,0.0374818263996567,0.0284949557424291,2720,"tags=43%, list=16%, signal=36%","47/8801/48/8802/3417/5091/1737/8803/5160/6389/4191/1431"
"KEGG_ENDOCYTOSIS","KEGG_ENDOCYTOSIS","KEGG_ENDOCYTOSIS",163,0.281600527831656,1.42312863148993,0.00522782234591325,0.0427730919211084,0.0325175552616614,3909,"tags=36%, list=23%, signal=28%","9135/3815/10059/8027/1211/9829/7037/128866/7852/5869/3265/2060/11267/1175/440073/408/11031/163/1212/27243/10254/3105/51028/9101/4734/10015/9815/10617/9525/8411/60682/5868/83737/5584/5337/382/3303/3106/2261/50807/868/8218/51534/55616/3310/80223/23527/2869/1436/200576/3134/51160/137492/30011/79643/9744/409/57132"
"KEGG_AMINO_SUGAR_AND_NUCLEOTIDE_SUGAR_METABOLISM","KEGG_AMINO_SUGAR_AND_NUCLEOTIDE_SUGAR_METABOLISM","KEGG_AMINO_SUGAR_AND_NUCLEOTIDE_SUGAR_METABOLISM",41,0.41443605116686,1.62389384412551,0.00795348293508243,0.0588489863319084,0.0447389954570064,4909,"tags=54%, list=29%, signal=38%","7264/3099/5372/10007/1727/7360/2584/132789/29926/55276/5373/80896/7358/5238/2673/80146/2762/3101/2582/2592/51005/51706"
"KEGG_ACUTE_MYELOID_LEUKEMIA","KEGG_ACUTE_MYELOID_LEUKEMIA","KEGG_ACUTE_MYELOID_LEUKEMIA",56,0.381347826229203,1.62045499141589,0.00857066247015347,0.0588489863319084,0.0447389954570064,3400,"tags=38%, list=20%, signal=30%","3815/572/3265/6655/6198/3845/5291/6654/23533/1147/83439/5604/4893/6776/3728/6932/1978/5605/4790/6774/6777"
"KEGG_ABC_TRANSPORTERS","KEGG_ABC_TRANSPORTERS","KEGG_ABC_TRANSPORTERS",39,-0.470871623071484,-1.6008850204131,0.00831186094293359,0.0588489863319084,0.0447389954570064,3548,"tags=46%, list=21%, signal=37%","85320/1244/10058/23456/5243/9429/340273/10057/21/10351/64240/10349/215/8647/24/23460/10060/6890"
"KEGG_ADIPOCYTOKINE_SIGNALING_PATHWAY","KEGG_ADIPOCYTOKINE_SIGNALING_PATHWAY","KEGG_ADIPOCYTOKINE_SIGNALING_PATHWAY",57,0.371955602660812,1.58937954816024,0.00825106222857191,0.0588489863319084,0.0447389954570064,1428,"tags=25%, list=8%, signal=23%","2182/5781/51094/5564/6517/5443/3953/5588/23305/3717/79602/7133/1147/6256"
"KEGG_NEUROACTIVE_LIGAND_RECEPTOR_INTERACTION","KEGG_NEUROACTIVE_LIGAND_RECEPTOR_INTERACTION","KEGG_NEUROACTIVE_LIGAND_RECEPTOR_INTERACTION",111,-0.368833469528929,-1.49471941787941,0.00882734794978626,0.0588489863319084,0.0447389954570064,4675,"tags=38%, list=28%, signal=28%","2904/5027/5021/7067/56288/4142/2798/9294/185/5031/3274/1901/5733/1903/2890/4157/5734/2906/553/2837/1269/5026/154/1137/2151/1138/1902/3952/2570/2550/116443/57105/5739/5731/1131/10800/146/10161/6869/2900/2897/6915"
"KEGG_B_CELL_RECEPTOR_SIGNALING_PATHWAY","KEGG_B_CELL_RECEPTOR_SIGNALING_PATHWAY","KEGG_B_CELL_RECEPTOR_SIGNALING_PATHWAY",73,0.338551214381727,1.51614865795583,0.0105920798947883,0.068091942180782,0.0517658039970857,4191,"tags=38%, list=25%, signal=29%","84433/3265/118788/7409/6655/10451/3845/5291/2353/6654/23533/4067/1147/5532/5604/695/5879/4893/5605/4790/2213/4793/5530/6850/11025/10892/5534/25780"
"KEGG_COLORECTAL_CANCER","KEGG_COLORECTAL_CANCER","KEGG_COLORECTAL_CANCER",59,0.360637226694798,1.55574230555298,0.0116919756581459,0.072570883395388,0.0551708470257336,3866,"tags=36%, list=23%, signal=28%","572/7046/26060/3845/5291/2353/23533/83439/5604/324/4436/2956/5879/7048/1499/6932/7157/54205/332/51176/7043"
"KEGG_RNA_POLYMERASE","KEGG_RNA_POLYMERASE","KEGG_RNA_POLYMERASE",29,0.457670968148716,1.66740520582322,0.0132064758021325,0.0774656244543479,0.0588919951992118,2180,"tags=38%, list=13%, signal=33%","84265/55703/5438/5441/30834/10623/5435/51728/5434/171568/5431"
"KEGG_DNA_REPLICATION","KEGG_DNA_REPLICATION","KEGG_DNA_REPLICATION",35,0.421842048727697,1.58754409169008,0.0141050110106092,0.0774656244543479,0.0588919951992118,4098,"tags=46%, list=24%, signal=35%","6742/56655/84153/5981/4174/23649/54107/5422/5985/1763/6119/4173/5427/5425/79621/5983"
"KEGG_RENAL_CELL_CARCINOMA","KEGG_RENAL_CELL_CARCINOMA","KEGG_RENAL_CELL_CARCINOMA",63,0.353881229502694,1.54382338852006,0.013939986661685,0.0774656244543479,0.0588919951992118,3866,"tags=41%, list=23%, signal=32%","2034/3091/5781/3265/6655/54583/7422/3845/5291/6654/23533/5604/6923/5879/5908/6513/4893/5062/5058/5605/7423/1399/1398/2549/2271/7043"
"KEGG_OOCYTE_MEIOSIS","KEGG_OOCYTE_MEIOSIS","KEGG_OOCYTE_MEIOSIS",99,0.299036656763063,1.41264747091591,0.0142020311499638,0.0774656244543479,0.0588919951992118,3549,"tags=38%, list=21%, signal=30%","9748/6197/5525/9232/983/8945/7534/5499/3709/5516/5501/5347/5532/5604/6790/9134/991/9126/7532/808/27127/10459/23291/7531/5567/699/10971/246184/51529/8697/9088/5613/29882/286151/5529/64506/5566/5530"
"KEGG_APOPTOSIS","KEGG_APOPTOSIS","KEGG_APOPTOSIS",80,0.32281561036879,1.47882646356877,0.0179199123275044,0.0926368021496804,0.0704256390611606,4296,"tags=36%, list=26%, signal=27%","572/5573/3556/5577/3563/5291/23533/1147/5532/598/5576/1439/5567/329/5613/7157/4790/5566/54205/5530/472/824/5534/1676/841/4914/3654/11213/2021"
"KEGG_PATHWAYS_IN_CANCER","KEGG_PATHWAYS_IN_CANCER","KEGG_PATHWAYS_IN_CANCER",259,0.237700817212972,1.26560254325887,0.0180127115291045,0.0926368021496804,0.0704256390611606,2887,"tags=25%, list=17%, signal=21%","2034/3091/3815/572/1612/1441/1869/3688/675/3915/7046/10342/3265/3716/6655/2122/4149/54583/3320/7422/1027/26060/8031/1029/3845/1870/5291/2353/6654/6772/23533/5925/3674/1147/7170/6256/83439/5604/3576/9134/324/598/4436/2956/5337/6923/3685/5879/7048/1499/329/7188/5747/6513/4893/7175/2261/8323/6776/868/3728/6932/3326/6502"
"KEGG_ENDOMETRIAL_CANCER","KEGG_ENDOMETRIAL_CANCER","KEGG_ENDOMETRIAL_CANCER",47,0.373716470444165,1.5006206451651,0.0250194446598529,0.115474359968552,0.0877875251222908,3068,"tags=32%, list=18%, signal=26%","572/3265/6655/3845/5291/6654/23533/83439/5604/324/1499/4893/6932/7157/5605"
"KEGG_P53_SIGNALING_PATHWAY","KEGG_P53_SIGNALING_PATHWAY","KEGG_P53_SIGNALING_PATHWAY",64,0.329486056469204,1.44990503715333,0.0244996263114672,0.115474359968552,0.0877875251222908,4135,"tags=39%, list=25%, signal=30%","9538/5366/7057/27113/4616/25898/983/10912/1029/9134/1643/55367/1111/27244/64326/900/7157/545/64393/54205/8493/472/901/841/894"
"KEGG_PROSTATE_CANCER","KEGG_PROSTATE_CANCER","KEGG_PROSTATE_CANCER",80,0.312596896517469,1.43201427734981,0.0237399304525641,0.115474359968552,0.0877875251222908,3192,"tags=32%, list=19%, signal=26%","572/1869/3265/6655/3320/1027/3845/1870/5291/6654/23533/5925/1147/83439/5604/64764/9134/468/1499/4893/6932/3326/7157/5605/4790/1871"
"KEGG_INSULIN_SIGNALING_PATHWAY","KEGG_INSULIN_SIGNALING_PATHWAY","KEGG_INSULIN_SIGNALING_PATHWAY",117,0.274156664299779,1.33531563390232,0.0233032544358044,0.115474359968552,0.0877875251222908,3068,"tags=28%, list=18%, signal=23%","572/5573/3099/5564/6517/3265/6655/8835/1977/5577/5140/6198/5499/3845/5291/5501/6654/23533/5604/51763/5139/808/5576/5584/5567/6194/4893/122809/868/5613/3643/1978/5605"
"KEGG_T_CELL_RECEPTOR_SIGNALING_PATHWAY","KEGG_T_CELL_RECEPTOR_SIGNALING_PATHWAY","KEGG_T_CELL_RECEPTOR_SIGNALING_PATHWAY",88,0.305313676388545,1.41303135445957,0.0298059406635078,0.134126732985785,0.101967691743579,3134,"tags=28%, list=19%, signal=23%","84433/3265/7409/6655/5788/10451/7006/6885/5588/3845/5291/2353/6654/23533/1147/5532/5604/1739/4893/5062/4690/5058/868/5605/4790"
"KEGG_BLADDER_CANCER","KEGG_BLADDER_CANCER","KEGG_BLADDER_CANCER",37,0.392478731630607,1.50364608631412,0.0314080699724,0.137889087683708,0.104827961396971,3928,"tags=51%, list=23%, signal=39%","1612/1869/7057/3265/7422/1029/3845/1870/5925/5604/3576/4893/2261/7157/5605/1871/7423/4318/9252"
"KEGG_PEROXISOME","KEGG_PEROXISOME","KEGG_PEROXISOME",69,0.313403881319363,1.39303887279053,0.0352190405882864,0.148537932876395,0.112923574701353,3713,"tags=38%, list=22%, signal=29%","2182/10901/10455/10654/84188/26063/5189/3417/23305/8540/26061/1891/8443/6647/2180/9409/30/2181/5827/10005/5826/5195/5825/6342/25824/11001"
"KEGG_SYSTEMIC_LUPUS_ERYTHEMATOSUS","KEGG_SYSTEMIC_LUPUS_ERYTHEMATOSUS","KEGG_SYSTEMIC_LUPUS_ERYTHEMATOSUS",98,0.273735047951804,1.29270301530645,0.0354840617426943,0.148537932876395,0.112923574701353,2919,"tags=29%, list=17%, signal=24%","1991/8332/3014/8331/3012/8354/1511/55766/6632/85235/8338/8969/8367/8343/6738/317772/440689/6628/8352/55506/3115/8345/8366/8329/8360/2209/8361/8349"
"KEGG_THYROID_CANCER","KEGG_THYROID_CANCER","KEGG_THYROID_CANCER",27,0.434547358564866,1.5527492380623,0.037512816140536,0.15346152057492,0.116666653068653,3068,"tags=52%, list=18%, signal=42%","10342/3265/8031/3845/7170/6256/83439/5604/1499/4893/7175/6932/7157/5605"
"KEGG_PENTOSE_PHOSPHATE_PATHWAY","KEGG_PENTOSE_PHOSPHATE_PATHWAY","KEGG_PENTOSE_PHOSPHATE_PATHWAY",20,0.485118708607238,1.55947848588319,0.0419321259503889,0.159111027536122,0.120961599881262,2363,"tags=40%, list=14%, signal=34%","25796/5634/6888/7086/5214/230/6120/55276"
"KEGG_GALACTOSE_METABOLISM","KEGG_GALACTOSE_METABOLISM","KEGG_GALACTOSE_METABOLISM",22,0.463345492231332,1.55285112324101,0.0414649156333929,0.159111027536122,0.120961599881262,5091,"tags=59%, list=30%, signal=41%","3099/7360/2584/8704/2683/5214/55276/3101/8972/2582/2592/2595/2548"
"KEGG_VALINE_LEUCINE_AND_ISOLEUCINE_DEGRADATION","KEGG_VALINE_LEUCINE_AND_ISOLEUCINE_DEGRADATION","KEGG_VALINE_LEUCINE_AND_ISOLEUCINE_DEGRADATION",42,0.354301097174331,1.40404824035908,0.0409981558638115,0.159111027536122,0.120961599881262,3662,"tags=38%, list=22%, signal=30%","1629/586/549/34/5095/64087/1892/223/35/30/36/27034/593/5096/219/11112"
"KEGG_VASOPRESSIN_REGULATED_WATER_REABSORPTION","KEGG_VASOPRESSIN_REGULATED_WATER_REABSORPTION","KEGG_VASOPRESSIN_REGULATED_WATER_REABSORPTION",41,0.357842510065814,1.40214213417532,0.0424296073429659,0.159111027536122,0.120961599881262,4147,"tags=44%, list=25%, signal=33%","359/4905/5869/1781/64764/2778/5868/6844/51164/5567/5613/6810/5566/79659/51626/84516/90993/140735"
"KEGG_PATHOGENIC_ESCHERICHIA_COLI_INFECTION","KEGG_PATHOGENIC_ESCHERICHIA_COLI_INFECTION","KEGG_PATHOGENIC_ESCHERICHIA_COLI_INFECTION",51,0.341823966741557,1.40381513874907,0.0449341327764049,0.165064161219447,0.12548737402648,2677,"tags=25%, list=16%, signal=22%","81027/6093/3688/10094/7534/7277/10552/9475/10383/81873/1499/10971/4690"
"KEGG_FATTY_ACID_METABOLISM","KEGG_FATTY_ACID_METABOLISM","KEGG_FATTY_ACID_METABOLISM",36,0.379199366506721,1.44489428612732,0.0499572400543154,0.179846064195535,0.136725078043389,2877,"tags=36%, list=17%, signal=30%","2182/10455/34/23305/1376/1632/1892/223/35/2180/30/2181/36"
"KEGG_CYTOKINE_CYTOKINE_RECEPTOR_INTERACTION","KEGG_CYTOKINE_CYTOKINE_RECEPTOR_INTERACTION","KEGG_CYTOKINE_CYTOKINE_RECEPTOR_INTERACTION",134,-0.315864776671755,-1.31935873866157,0.0544554455445545,0.192195690157251,0.146113682575688,3327,"tags=32%, list=20%, signal=26%","3566/64109/10344/3587/23529/4055/50616/5159/944/8740/6352/2921/1270/8741/3604/3460/8794/2322/3626/92/2324/58191/51561/2920/10673/3952/7132/1438/3554/5156/2833/8718/3606/91/3561/3568/3082/729230/5008/94/5155/958/55540"
"KEGG_TYROSINE_METABOLISM","KEGG_TYROSINE_METABOLISM","KEGG_TYROSINE_METABOLISM",24,0.424788720519422,1.4671547089806,0.0674410309249251,0.233449722432433,0.177476397170856,2511,"tags=29%, list=15%, signal=25%","2954/2184/60487/2806/1312/51451/4128"
"KEGG_CELL_ADHESION_MOLECULES_CAMS","KEGG_CELL_ADHESION_MOLECULES_CAMS","KEGG_CELL_ADHESION_MOLECULES_CAMS",98,-0.330172301385253,-1.31179020531856,0.07421875,0.252063679245283,0.191627358490566,4697,"tags=40%, list=28%, signal=29%","10666/2734/54413/49861/1364/6382/25945/3655/1002/3107/3897/90952/933/57555/941/3680/80381/23705/3127/3133/58494/57863/5010/9369/83700/914/999/6383/947/6614/23562/5797/6385/920/1366/1462/3113/9378/958"
"KEGG_NOTCH_SIGNALING_PATHWAY","KEGG_NOTCH_SIGNALING_PATHWAY","KEGG_NOTCH_SIGNALING_PATHWAY",44,-0.393195844016906,-1.36053568467139,0.0773638968481375,0.257879656160458,0.196048861408536,5356,"tags=55%, list=32%, signal=37%","5663/1857/9253/1487/11317/23220/4854/4853/182/55534/4855/54567/3065/388585/2033/51107/1840/22938/1387/1855/1856/55851/3280/2648"
"KEGG_REGULATION_OF_ACTIN_CYTOSKELETON","KEGG_REGULATION_OF_ACTIN_CYTOSKELETON","KEGG_REGULATION_OF_ACTIN_CYTOSKELETON",168,0.237204715370346,1.19802646905866,0.0993365853809244,0.325101552155753,0.247153226785075,2528,"tags=24%, list=15%, signal=21%","9459/8826/10787/6093/10788/3688/3676/4659/3265/7409/6655/10094/10451/7414/5962/23365/5499/3845/5291/5501/6654/23533/3674/10552/3683/7114/5604/3690/9475/324/5829/81873/3685/5879/7117/5305/5747/4893/3691/5062/2261"
"KEGG_GLYCOSPHINGOLIPID_BIOSYNTHESIS_GLOBO_SERIES","KEGG_GLYCOSPHINGOLIPID_BIOSYNTHESIS_GLOBO_SERIES","KEGG_GLYCOSPHINGOLIPID_BIOSYNTHESIS_GLOBO_SERIES",13,-0.528195628309063,-1.3825173464008,0.105769230769231,0.339972527472527,0.258458646616541,550,"tags=31%, list=3%, signal=30%","6489/3073/6483/10317"
"KEGG_VEGF_SIGNALING_PATHWAY","KEGG_VEGF_SIGNALING_PATHWAY","KEGG_VEGF_SIGNALING_PATHWAY",63,0.283098561450069,1.23503069387768,0.109090909090909,0.344497607655502,0.261898766053891,2500,"tags=22%, list=15%, signal=19%","572/3265/3315/7422/3845/5291/8877/23533/5532/5604/5829/5879/5747/4893"
"KEGG_PRIMARY_IMMUNODEFICIENCY","KEGG_PRIMARY_IMMUNODEFICIENCY","KEGG_PRIMARY_IMMUNODEFICIENCY",27,-0.429015379379209,-1.33598599361371,0.120300751879699,0.371741917105825,0.282610814174019,834,"tags=41%, list=5%, signal=39%","64421/3543/100/973/5993/7535/920/3561/916/6890/958"
"KEGG_JAK_STAT_SIGNALING_PATHWAY","KEGG_JAK_STAT_SIGNALING_PATHWAY","KEGG_JAK_STAT_SIGNALING_PATHWAY",97,0.246071159677276,1.16501813555436,0.121848739495798,0.371741917105825,0.282610814174019,1317,"tags=16%, list=8%, signal=15%","5781/8027/1441/3601/3716/6655/8835/3976/3953/10254/3563/3717/5291/6654/6772/23533"
"KEGG_NATURAL_KILLER_CELL_MEDIATED_CYTOTOXICITY","KEGG_NATURAL_KILLER_CELL_MEDIATED_CYTOTOXICITY","KEGG_NATURAL_KILLER_CELL_MEDIATED_CYTOTOXICITY",87,0.250057537655926,1.1591713656475,0.133891213389121,0.401673640167364,0.305365925273435,3141,"tags=25%, list=19%, signal=21%","5781/3265/7409/6655/10451/7305/3105/3845/5291/6654/23533/3683/5532/5604/2185/5879/3106/4893/5058/3459/5605/4277"
"KEGG_PROPANOATE_METABOLISM","KEGG_PROPANOATE_METABOLISM","KEGG_PROPANOATE_METABOLISM",29,0.349223867503389,1.27230638427487,0.143695014662757,0.410557184750733,0.31211949717892,2255,"tags=31%, list=13%, signal=27%","3939/8801/8802/34/5095/8803/1892/223/84532"
"KEGG_MTOR_SIGNALING_PATHWAY","KEGG_MTOR_SIGNALING_PATHWAY","KEGG_MTOR_SIGNALING_PATHWAY",47,0.304989217726857,1.22465332108517,0.140468227424749,0.410557184750733,0.31211949717892,1317,"tags=19%, list=8%, signal=18%","3091/6197/51719/64223/1977/7422/6198/5291/23533"
"KEGG_LYSOSOME","KEGG_LYSOSOME","KEGG_LYSOSOME",116,0.242722724444759,1.18419055935641,0.141646819354056,0.410557184750733,0.31211949717892,3259,"tags=24%, list=19%, signal=20%","2581/79158/9583/1211/1511/6272/8546/9114/1212/2990/5660/26985/4074/10947/84572/8120/3920/1520/6556/55353/1200/2517/4125/23545/8218/9179/1514/53"
"KEGG_PORPHYRIN_AND_CHLOROPHYLL_METABOLISM","KEGG_PORPHYRIN_AND_CHLOROPHYLL_METABOLISM","KEGG_PORPHYRIN_AND_CHLOROPHYLL_METABOLISM",22,0.382197646738614,1.28089310242348,0.158774373259053,0.434137291280148,0.330045893955668,4302,"tags=45%, list=26%, signal=34%","7389/5498/2990/3145/2235/645/211/1355/326625/124454"
"KEGG_LEUKOCYTE_TRANSENDOTHELIAL_MIGRATION","KEGG_LEUKOCYTE_TRANSENDOTHELIAL_MIGRATION","KEGG_LEUKOCYTE_TRANSENDOTHELIAL_MIGRATION",95,0.2414728408992,1.14003059607936,0.159183673469388,0.434137291280148,0.330045893955668,2475,"tags=22%, list=15%, signal=19%","5781/6093/1535/3688/7852/3676/7409/10451/7414/5291/23533/3683/9475/2185/5829/1536/5879/1499/2770/5908/5747"
"KEGG_NEUROTROPHIN_SIGNALING_PATHWAY","KEGG_NEUROTROPHIN_SIGNALING_PATHWAY","KEGG_NEUROTROPHIN_SIGNALING_PATHWAY",113,0.232879801625823,1.13374744867399,0.159090909090909,0.434137291280148,0.330045893955668,2500,"tags=20%, list=15%, signal=17%","572/5781/6197/4214/6272/3265/6655/7534/57498/3845/5291/6654/23533/5604/7532/808/10019/7531/5879/468/10971/5908/4893"
"KEGG_CIRCADIAN_RHYTHM_MAMMAL","KEGG_CIRCADIAN_RHYTHM_MAMMAL","KEGG_CIRCADIAN_RHYTHM_MAMMAL",10,-0.532342534270605,-1.30591826840356,0.177705977382876,0.451127819548872,0.342962669832476,2528,"tags=50%, list=15%, signal=43%","8864/1454/8863/1453/9572"
"KEGG_GLYCOSPHINGOLIPID_BIOSYNTHESIS_LACTO_AND_NEOLACTO_SERIES","KEGG_GLYCOSPHINGOLIPID_BIOSYNTHESIS_LACTO_AND_NEOLACTO_SERIES","KEGG_GLYCOSPHINGOLIPID_BIOSYNTHESIS_LACTO_AND_NEOLACTO_SERIES",20,-0.433456880699827,-1.27413682554871,0.179289026275116,0.451127819548872,0.342962669832476,3328,"tags=35%, list=20%, signal=28%","79369/6489/2651/2526/2528/6484/10317"
"KEGG_RIBOFLAVIN_METABOLISM","KEGG_RIBOFLAVIN_METABOLISM","KEGG_RIBOFLAVIN_METABOLISM",15,0.420598428846591,1.2634016561713,0.181102362204724,0.451127819548872,0.342962669832476,4230,"tags=53%, list=25%, signal=40%","5169/29085/8898/93650/8776/53/55/80308"
"KEGG_ALLOGRAFT_REJECTION","KEGG_ALLOGRAFT_REJECTION","KEGG_ALLOGRAFT_REJECTION",21,-0.427582004710258,-1.25984848114569,0.1875,0.451127819548872,0.342962669832476,3774,"tags=33%, list=22%, signal=26%","3107/941/5551/3127/3133/3113/958"
"KEGG_TYPE_I_DIABETES_MELLITUS","KEGG_TYPE_I_DIABETES_MELLITUS","KEGG_TYPE_I_DIABETES_MELLITUS",28,-0.392505104350956,-1.23232712874584,0.190404797601199,0.451127819548872,0.342962669832476,3774,"tags=29%, list=22%, signal=22%","3107/941/5551/3127/3133/2572/3113/3382"
"KEGG_BASAL_CELL_CARCINOMA","KEGG_BASAL_CELL_CARCINOMA","KEGG_BASAL_CELL_CARCINOMA",34,-0.373011776715533,-1.23039403184728,0.180758017492711,0.451127819548872,0.342962669832476,3795,"tags=32%, list=23%, signal=25%","8326/64399/27148/8322/1855/1856/7855/51684/6934/5727/8325"
"KEGG_TIGHT_JUNCTION","KEGG_TIGHT_JUNCTION","KEGG_TIGHT_JUNCTION",104,-0.296922235008805,-1.19054840288618,0.184655396618986,0.451127819548872,0.342962669832476,4200,"tags=31%, list=25%, signal=23%","3059/56288/5515/5518/5581/5728/6714/2771/50855/22989/103910/93643/60/55870/58494/5010/3996/84552/83700/27134/88/23562/81/8735/2036/1459/1366/60412/5580/8531/5521/5590"
"KEGG_AMYOTROPHIC_LATERAL_SCLEROSIS_ALS","KEGG_AMYOTROPHIC_LATERAL_SCLEROSIS_ALS","KEGG_AMYOTROPHIC_LATERAL_SCLEROSIS_ALS",45,0.298093270345333,1.18764900386668,0.186440677966102,0.451127819548872,0.342962669832476,2146,"tags=22%, list=13%, signal=19%","572/57679/7133/5532/9973/10452/598/5868/6647/5879"
"KEGG_AMINOACYL_TRNA_BIOSYNTHESIS","KEGG_AMINOACYL_TRNA_BIOSYNTHESIS","KEGG_AMINOACYL_TRNA_BIOSYNTHESIS",41,0.300980806083416,1.17933967574169,0.183606557377049,0.451127819548872,0.342962669832476,796,"tags=12%, list=5%, signal=12%","833/4677/51520/1615/3735"
"KEGG_CHEMOKINE_SIGNALING_PATHWAY","KEGG_CHEMOKINE_SIGNALING_PATHWAY","KEGG_CHEMOKINE_SIGNALING_PATHWAY",135,0.226397529414394,1.11240562506619,0.19047619047619,0.451127819548872,0.342962669832476,3600,"tags=30%, list=21%, signal=24%","6093/7852/3265/7409/408/6655/10451/3717/3845/5291/6654/6772/23533/4067/1147/10235/5604/3576/9475/2185/5829/5567/2783/5879/2770/5908/5747/4893/5058/5613/4790/2791/5331/2869/6774/6777/1794/4793/5566/1399/1398"
"KEGG_GLYCOSAMINOGLYCAN_DEGRADATION","KEGG_GLYCOSAMINOGLYCAN_DEGRADATION","KEGG_GLYCOSAMINOGLYCAN_DEGRADATION",17,-0.446280761840727,-1.25016265079549,0.208137715179969,0.459833603755998,0.349581102270642,550,"tags=24%, list=3%, signal=23%","8692/3073/3423/60495"
"KEGG_PROTEIN_EXPORT","KEGG_PROTEIN_EXPORT","KEGG_PROTEIN_EXPORT",23,0.35462957768069,1.21007952811471,0.204359673024523,0.459833603755998,0.349581102270642,3221,"tags=43%, list=19%, signal=35%","90701/23480/29927/6730/60559/6731/7095/11231/10952/9789"
"KEGG_SELENOAMINO_ACID_METABOLISM","KEGG_SELENOAMINO_ACID_METABOLISM","KEGG_SELENOAMINO_ACID_METABOLISM",24,0.347284487445077,1.19946704443548,0.211428571428571,0.459833603755998,0.349581102270642,4346,"tags=46%, list=26%, signal=34%","4144/60487/51451/191/92935/9061/9060/1491/10768/4141/114049"
"KEGG_CYSTEINE_AND_METHIONINE_METABOLISM","KEGG_CYSTEINE_AND_METHIONINE_METABOLISM","KEGG_CYSTEINE_AND_METHIONINE_METABOLISM",26,0.336681508314466,1.19795052527363,0.212034383954155,0.459833603755998,0.349581102270642,3592,"tags=38%, list=21%, signal=30%","55256/3939/4144/2806/4548/58478/191/1491/4357/10768"
"KEGG_SNARE_INTERACTIONS_IN_VESICULAR_TRANSPORT","KEGG_SNARE_INTERACTIONS_IN_VESICULAR_TRANSPORT","KEGG_SNARE_INTERACTIONS_IN_VESICULAR_TRANSPORT",36,0.310582097416942,1.18343630704147,0.20253164556962,0.459833603755998,0.349581102270642,5844,"tags=61%, list=35%, signal=40%","55850/8773/9342/9554/6844/6845/9482/9527/9570/6810/143187/8676/2054/9341/8674/23673/8673/53407/662/10228/8677/6809"
"KEGG_GLYCOLYSIS_GLUCONEOGENESIS","KEGG_GLYCOLYSIS_GLUCONEOGENESIS","KEGG_GLYCOLYSIS_GLUCONEOGENESIS",42,0.297479994031297,1.17887374747856,0.201923076923077,0.459833603755998,0.349581102270642,2386,"tags=29%, list=14%, signal=25%","3099/3939/2026/1737/5230/5160/5214/230/223/84532/55276/5315"
"KEGG_RIG_I_LIKE_RECEPTOR_SIGNALING_PATHWAY","KEGG_RIG_I_LIKE_RECEPTOR_SIGNALING_PATHWAY","KEGG_RIG_I_LIKE_RECEPTOR_SIGNALING_PATHWAY",50,0.283122820751007,1.1700796033337,0.207357859531773,0.459833603755998,0.349581102270642,4702,"tags=36%, list=28%, signal=26%","8653/4214/1654/6885/9636/1147/3576/55593/26007/29110/4790/4793/3665/841/10010/7186/1540/8737"
"KEGG_AUTOIMMUNE_THYROID_DISEASE","KEGG_AUTOIMMUNE_THYROID_DISEASE","KEGG_AUTOIMMUNE_THYROID_DISEASE",23,-0.405994939789164,-1.2089420884419,0.220472440944882,0.47244094488189,0.359165630611963,3774,"tags=30%, list=22%, signal=24%","3107/941/5551/3127/3133/3113/958"
"KEGG_ARRHYTHMOGENIC_RIGHT_VENTRICULAR_CARDIOMYOPATHY_ARVC","KEGG_ARRHYTHMOGENIC_RIGHT_VENTRICULAR_CARDIOMYOPATHY_ARVC","KEGG_ARRHYTHMOGENIC_RIGHT_VENTRICULAR_CARDIOMYOPATHY_ARVC",52,-0.32556706751586,-1.17703389013458,0.2296918767507,0.486406327236777,0.369782587957784,3972,"tags=38%, list=24%, signal=29%","3655/2010/6262/3675/1756/783/60/3680/93589/5318/6443/3679/6934/88/81/3693/782/9254/3908/3678"
"KEGG_ALPHA_LINOLENIC_ACID_METABOLISM","KEGG_ALPHA_LINOLENIC_ACID_METABOLISM","KEGG_ALPHA_LINOLENIC_ACID_METABOLISM",10,-0.502072188032533,-1.23166044454329,0.235864297253635,0.48695652173913,0.370200864480041,6215,"tags=60%, list=37%, signal=38%","81579/51/391013/8399/8310/9415"
"KEGG_GLYCOSPHINGOLIPID_BIOSYNTHESIS_GANGLIO_SERIES","KEGG_GLYCOSPHINGOLIPID_BIOSYNTHESIS_GANGLIO_SERIES","KEGG_GLYCOSPHINGOLIPID_BIOSYNTHESIS_GANGLIO_SERIES",11,-0.487866911769818,-1.22759963954312,0.23968253968254,0.48695652173913,0.370200864480041,4065,"tags=55%, list=24%, signal=41%","8869/9197/6489/8705/3073/6483"
"KEGG_NON_HOMOLOGOUS_END_JOINING","KEGG_NON_HOMOLOGOUS_END_JOINING","KEGG_NON_HOMOLOGOUS_END_JOINING",12,-0.47020786663179,-1.21505268119856,0.233438485804416,0.48695652173913,0.370200864480041,3230,"tags=42%, list=19%, signal=34%","10111/79840/27434/2547/7518"
"KEGG_HOMOLOGOUS_RECOMBINATION","KEGG_HOMOLOGOUS_RECOMBINATION","KEGG_HOMOLOGOUS_RECOMBINATION",27,0.325963027000237,1.16474955338049,0.243323442136499,0.48695652173913,0.370200864480041,4896,"tags=44%, list=29%, signal=32%","6742/675/7979/4683/146956/7516/6119/5425/5889/8438/7517/6117"
"KEGG_ARACHIDONIC_ACID_METABOLISM","KEGG_ARACHIDONIC_ACID_METABOLISM","KEGG_ARACHIDONIC_ACID_METABOLISM",37,-0.346078770104995,-1.1594447442658,0.243478260869565,0.48695652173913,0.370200864480041,5405,"tags=54%, list=32%, signal=37%","8644/6916/81579/246/2878/391013/2686/2053/8399/8529/2687/1571/247/1579/4048/2678/874/239/4051/240"
"KEGG_STARCH_AND_SUCROSE_METABOLISM","KEGG_STARCH_AND_SUCROSE_METABOLISM","KEGG_STARCH_AND_SUCROSE_METABOLISM",23,0.330900392782723,1.12910996812575,0.253405994550409,0.501242626583226,0.381061645940464,5091,"tags=57%, list=30%, signal=39%","3099/2990/7360/5169/55276/7358/2632/80146/5836/3101/8972/2595/2548"
"KEGG_SMALL_CELL_LUNG_CANCER","KEGG_SMALL_CELL_LUNG_CANCER","KEGG_SMALL_CELL_LUNG_CANCER",78,0.243069816090517,1.10026991987933,0.265560165975104,0.519574237777377,0.394997958544205,3192,"tags=28%, list=19%, signal=23%","1869/3688/3915/4149/1027/1870/5291/23533/5925/3674/1147/6256/9134/598/3685/329/7188/5747/6502/7157/4790/1871"
"KEGG_LINOLEIC_ACID_METABOLISM","KEGG_LINOLEIC_ACID_METABOLISM","KEGG_LINOLEIC_ACID_METABOLISM",10,-0.477924799913114,-1.17242318047122,0.2859450726979,0.546235679214403,0.415266890630832,6215,"tags=60%, list=37%, signal=38%","81579/246/391013/8399/1571/1577"
"KEGG_ASTHMA","KEGG_ASTHMA","KEGG_ASTHMA",18,-0.406113490240705,-1.15421070323951,0.283048211508554,0.546235679214403,0.415266890630832,349,"tags=28%, list=2%, signal=27%","2207/2205/3127/3113/958"
"KEGG_OTHER_GLYCAN_DEGRADATION","KEGG_OTHER_GLYCAN_DEGRADATION","KEGG_OTHER_GLYCAN_DEGRADATION",14,-0.429764139318935,-1.14182059528579,0.291325695581015,0.546235679214403,0.415266890630832,2259,"tags=21%, list=13%, signal=19%","10825/4126/3073"
"KEGG_MELANOMA","KEGG_MELANOMA","KEGG_MELANOMA",49,0.267552751008866,1.09019777540517,0.288590604026846,0.546235679214403,0.415266890630832,1485,"tags=20%, list=9%, signal=19%","572/1869/3265/1029/3845/1870/5291/23533/5925/5604"
"KEGG_FC_EPSILON_RI_SIGNALING_PATHWAY","KEGG_FC_EPSILON_RI_SIGNALING_PATHWAY","KEGG_FC_EPSILON_RI_SIGNALING_PATHWAY",64,0.247191104109091,1.08776568825991,0.298561151079137,0.554031002002522,0.421193159417122,2146,"tags=19%, list=13%, signal=16%","3265/7409/6655/10451/3845/5291/6654/23533/4067/5604/695/5879"
"KEGG_VIRAL_MYOCARDITIS","KEGG_VIRAL_MYOCARDITIS","KEGG_VIRAL_MYOCARDITIS",55,-0.302514102340042,-1.09813853233143,0.310296191819464,0.569931780892893,0.433281470854246,3774,"tags=27%, list=22%, signal=21%","3107/1981/5881/1756/941/22989/5551/60/3127/3133/6443/8735/3113/3908/958"
"KEGG_VALINE_LEUCINE_AND_ISOLEUCINE_BIOSYNTHESIS","KEGG_VALINE_LEUCINE_AND_ISOLEUCINE_BIOSYNTHESIS","KEGG_VALINE_LEUCINE_AND_ISOLEUCINE_BIOSYNTHESIS",10,0.441961812568864,1.13121221394822,0.315926892950392,0.574412532637076,0.436687890308888,2308,"tags=40%, list=14%, signal=35%","586/51520/5160/3376"
"KEGG_ECM_RECEPTOR_INTERACTION","KEGG_ECM_RECEPTOR_INTERACTION","KEGG_ECM_RECEPTOR_INTERACTION",68,-0.286971722197458,-1.08157191077649,0.329715061058345,0.584958217270195,0.444705077456873,4581,"tags=38%, list=27%, signal=28%","1290/9899/6382/1280/1288/7448/3655/1284/3910/3675/961/10319/2814/1293/3680/5649/6383/3679/1282/6385/3693/3912/2335/3908/3678/3913"
"KEGG_GLUTATHIONE_METABOLISM","KEGG_GLUTATHIONE_METABOLISM","KEGG_GLUTATHIONE_METABOLISM",39,0.281867437331597,1.07870469940472,0.331103678929766,0.584958217270195,0.444705077456873,2859,"tags=26%, list=17%, signal=21%","290/2954/9446/3417/2879/4259/51060/2729/2946/79017"
"KEGG_MISMATCH_REPAIR","KEGG_MISMATCH_REPAIR","KEGG_MISMATCH_REPAIR",22,0.320096191038131,1.07276694849243,0.331476323119777,0.584958217270195,0.444705077456873,4098,"tags=36%, list=24%, signal=28%","6742/5981/4436/2956/5985/6119/5425/5983"
"KEGG_PROGESTERONE_MEDIATED_OOCYTE_MATURATION","KEGG_PROGESTERONE_MEDIATED_OOCYTE_MATURATION","KEGG_PROGESTERONE_MEDIATED_OOCYTE_MATURATION",78,0.234309127751,1.06061414520339,0.336099585062241,0.587358498167023,0.446529852407678,3530,"tags=31%, list=21%, signal=24%","6197/983/3320/5140/3845/5291/23533/5347/5604/5139/10459/5567/699/246184/2770/51529/8697/9088/3326/5613/29882/51343/64506/5566"
"KEGG_NICOTINATE_AND_NICOTINAMIDE_METABOLISM","KEGG_NICOTINATE_AND_NICOTINAMIDE_METABOLISM","KEGG_NICOTINATE_AND_NICOTINAMIDE_METABOLISM",19,0.332790173835387,1.06451344492645,0.349295774647887,0.604550379198266,0.459599703484062,1304,"tags=26%, list=8%, signal=24%","22978/23475/23530/5169/30833"
"KEGG_DILATED_CARDIOMYOPATHY","KEGG_DILATED_CARDIOMYOPATHY","KEGG_DILATED_CARDIOMYOPATHY",61,-0.287564703107897,-1.05902681133666,0.372355430183357,0.628885700621712,0.478100240238729,4912,"tags=43%, list=29%, signal=30%","7169/4607/786/111/785/3655/2010/6262/3675/1756/113/7273/783/60/3680/93589/115/6443/3479/3679/112/3693/782/9254/3908/3678"
"KEGG_GLYCEROLIPID_METABOLISM","KEGG_GLYCEROLIPID_METABOLISM","KEGG_GLYCEROLIPID_METABOLISM",38,-0.313081516820903,-1.05528663811033,0.377331420373027,0.628885700621712,0.478100240238729,1195,"tags=13%, list=7%, signal=12%","9162/224/84649/8526/1608"
"KEGG_COMPLEMENT_AND_COAGULATION_CASCADES","KEGG_COMPLEMENT_AND_COAGULATION_CASCADES","KEGG_COMPLEMENT_AND_COAGULATION_CASCADES",43,-0.303578906105608,-1.04450867938854,0.376978417266187,0.628885700621712,0.478100240238729,4251,"tags=37%, list=25%, signal=28%","5345/5265/716/7035/10747/730/712/5624/717/733/7056/1378/5054/2153/2/721"
"KEGG_ANTIGEN_PROCESSING_AND_PRESENTATION","KEGG_ANTIGEN_PROCESSING_AND_PRESENTATION","KEGG_ANTIGEN_PROCESSING_AND_PRESENTATION",51,0.251068503223012,1.03109728977551,0.368055555555556,0.628885700621712,0.478100240238729,3195,"tags=29%, list=19%, signal=24%","5721/821/8625/3320/3105/811/1520/3303/3106/3115/4800/3326/3310/4801/1514"
"KEGG_HYPERTROPHIC_CARDIOMYOPATHY_HCM","KEGG_HYPERTROPHIC_CARDIOMYOPATHY_HCM","KEGG_HYPERTROPHIC_CARDIOMYOPATHY_HCM",55,-0.287575220516901,-1.04390978189289,0.38787023977433,0.640519662012655,0.486944772290323,3972,"tags=36%, list=24%, signal=28%","3655/2010/6262/3675/1756/1636/7273/783/60/3680/93589/5571/6443/3479/3679/3693/782/9254/3908/3678"
"KEGG_HEDGEHOG_SIGNALING_PATHWAY","KEGG_HEDGEHOG_SIGNALING_PATHWAY","KEGG_HEDGEHOG_SIGNALING_PATHWAY",30,-0.326816099508751,-1.04229216172162,0.394578313253012,0.645673603504929,0.4908629734248,3958,"tags=33%, list=24%, signal=26%","353500/64399/1455/27148/1454/51684/53944/4036/1453/5727"
"KEGG_LIMONENE_AND_PINENE_DEGRADATION","KEGG_LIMONENE_AND_PINENE_DEGRADATION","KEGG_LIMONENE_AND_PINENE_DEGRADATION",10,-0.425059740261438,-1.04273704285316,0.402261712439418,0.646492037849065,0.491485174972974,764,"tags=20%, list=5%, signal=19%","224/55432"
"KEGG_SPHINGOLIPID_METABOLISM","KEGG_SPHINGOLIPID_METABOLISM","KEGG_SPHINGOLIPID_METABOLISM",30,0.278464366512063,1.02677740761373,0.399408284023669,0.646492037849065,0.491485174972974,2375,"tags=23%, list=14%, signal=20%","2581/10558/130367/8877/259230/9331/81537"
"KEGG_GLYCOSYLPHOSPHATIDYLINOSITOL_GPI_ANCHOR_BIOSYNTHESIS","KEGG_GLYCOSYLPHOSPHATIDYLINOSITOL_GPI_ANCHOR_BIOSYNTHESIS","KEGG_GLYCOSYLPHOSPHATIDYLINOSITOL_GPI_ANCHOR_BIOSYNTHESIS",24,-0.339246026349857,-1.0260441897436,0.423312883435583,0.674303708127477,0.512628550038433,6751,"tags=54%, list=40%, signal=32%","55650/8733/9488/5281/10026/9487/23556/80055/51227/93183/54872/5283/84720"
"KEGG_VIBRIO_CHOLERAE_INFECTION","KEGG_VIBRIO_CHOLERAE_INFECTION","KEGG_VIBRIO_CHOLERAE_INFECTION",49,-0.290138109410355,-1.03081829513721,0.428977272727273,0.677257525083612,0.51487414187643,3798,"tags=33%, list=23%, signal=25%","535/534/5336/6558/9296/60/10945/115/245973/3784/537/5335/51382/90423/11015/4583"
"KEGG_GLYCOSAMINOGLYCAN_BIOSYNTHESIS_KERATAN_SULFATE","KEGG_GLYCOSAMINOGLYCAN_BIOSYNTHESIS_KERATAN_SULFATE","KEGG_GLYCOSAMINOGLYCAN_BIOSYNTHESIS_KERATAN_SULFATE",12,0.377929403197304,1.0302793761747,0.440217391304348,0.677257525083612,0.51487414187643,5290,"tags=58%, list=31%, signal=40%","10678/8704/2683/2530/6482/6487/8703"
"KEGG_O_GLYCAN_BIOSYNTHESIS","KEGG_O_GLYCAN_BIOSYNTHESIS","KEGG_O_GLYCAN_BIOSYNTHESIS",22,-0.341204669395275,-1.01289653917809,0.440124416796268,0.677257525083612,0.51487414187643,2893,"tags=27%, list=17%, signal=23%","51809/114805/2650/8693/9245/6483"
"KEGG_LONG_TERM_POTENTIATION","KEGG_LONG_TERM_POTENTIATION","KEGG_LONG_TERM_POTENTIATION",59,0.233591269513482,1.00768249445723,0.436860068259386,0.677257525083612,0.51487414187643,3549,"tags=34%, list=21%, signal=27%","6197/4659/3265/5499/3845/3709/5501/5532/5604/808/5567/468/5908/4893/775/5613/5605/5331/5566/5530"
"KEGG_PROXIMAL_TUBULE_BICARBONATE_RECLAMATION","KEGG_PROXIMAL_TUBULE_BICARBONATE_RECLAMATION","KEGG_PROXIMAL_TUBULE_BICARBONATE_RECLAMATION",19,0.312087510635842,0.99829074649846,0.453521126760563,0.691811888278825,0.525938862434195,2459,"tags=32%, list=15%, signal=27%","482/358/760/2744/2746/23439"
"KEGG_BETA_ALANINE_METABOLISM","KEGG_BETA_ALANINE_METABOLISM","KEGG_BETA_ALANINE_METABOLISM",19,-0.343258950988069,-0.99828727393555,0.462132921174652,0.699024586650735,0.531422200377751,1060,"tags=16%, list=6%, signal=15%","1806/224/2572"
"KEGG_DORSO_VENTRAL_AXIS_FORMATION","KEGG_DORSO_VENTRAL_AXIS_FORMATION","KEGG_DORSO_VENTRAL_AXIS_FORMATION",22,-0.335039064157133,-0.994593389286503,0.471228615863142,0.701001246738558,0.532924924421126,4747,"tags=55%, list=28%, signal=39%","84501/4854/4853/4855/55124/2113/51513/5595/56776/143689/440822/2120"
"KEGG_STEROID_BIOSYNTHESIS","KEGG_STEROID_BIOSYNTHESIS","KEGG_STEROID_BIOSYNTHESIS",16,-0.36162071505165,-0.990634512478481,0.470494417862839,0.701001246738558,0.532924924421126,3532,"tags=31%, list=21%, signal=25%","1595/1594/4047/51478/50814"
"KEGG_MELANOGENESIS","KEGG_MELANOGENESIS","KEGG_MELANOGENESIS",76,-0.258978276635282,-0.992318524829112,0.486522911051213,0.713972650771388,0.542786225732635,3526,"tags=26%, list=21%, signal=21%","815/2771/4157/113/2033/8322/5595/1387/1855/115/818/1856/163688/7855/23236/6934/112/817/2776/8325"
"KEGG_PHOSPHATIDYLINOSITOL_SIGNALING_SYSTEM","KEGG_PHOSPHATIDYLINOSITOL_SIGNALING_SYSTEM","KEGG_PHOSPHATIDYLINOSITOL_SIGNALING_SYSTEM",70,-0.259832580274867,-0.987804340059604,0.488031914893617,0.713972650771388,0.542786225732635,3886,"tags=26%, list=23%, signal=20%","5294/3635/5728/3631/5336/3706/3632/8821/56623/27124/163688/5335/23236/8760/9162/3708/8526/1608"
"KEGG_RENIN_ANGIOTENSIN_SYSTEM","KEGG_RENIN_ANGIOTENSIN_SYSTEM","KEGG_RENIN_ANGIOTENSIN_SYSTEM",12,0.358773261773676,0.978057513390592,0.491847826086957,0.713972650771388,0.542786225732635,2041,"tags=33%, list=12%, signal=29%","1511/290/57486/4012"
"KEGG_BASE_EXCISION_REPAIR","KEGG_BASE_EXCISION_REPAIR","KEGG_BASE_EXCISION_REPAIR",34,0.265094334914494,0.989673713982787,0.496835443037975,0.715443037974683,0.543904063957362,6327,"tags=53%, list=38%, signal=33%","56655/8930/54107/10038/4913/5427/7515/5425/4968/79661/5426/2237/142/143/328/55247/7374/23583"
"KEGG_GLIOMA","KEGG_GLIOMA","KEGG_GLIOMA",58,0.226125164016113,0.965465882212503,0.508710801393728,0.726729716276755,0.552484579625603,1485,"tags=19%, list=9%, signal=17%","1869/3265/6655/1029/3845/1870/5291/6654/23533/5925/5604"
"KEGG_ADHERENS_JUNCTION","KEGG_ADHERENS_JUNCTION","KEGG_ADHERENS_JUNCTION",67,-0.260922255844409,-0.981875023447139,0.512925170068027,0.726980556001928,0.552675276492694,2848,"tags=25%, list=17%, signal=21%","3480/60/5595/1387/2064/5770/10810/8976/999/6934/88/81/5797/1459/5795/4088/10163"
"KEGG_TRYPTOPHAN_METABOLISM","KEGG_TRYPTOPHAN_METABOLISM","KEGG_TRYPTOPHAN_METABOLISM",27,-0.309111016051772,-0.962594834046372,0.517293233082707,0.727443609022556,0.553027305104868,5443,"tags=41%, list=32%, signal=28%","10352/39/125061/8564/51166/38/3033/23498/7453/224/130013"
"KEGG_LEISHMANIA_INFECTION","KEGG_LEISHMANIA_INFECTION","KEGG_LEISHMANIA_INFECTION",60,0.221839786142933,0.963641839373583,0.528619528619529,0.734414100750734,0.558326509342664,1305,"tags=13%, list=8%, signal=12%","1535/3688/3676/3716/6885/3717/2353/6772"
"KEGG_N_GLYCAN_BIOSYNTHESIS","KEGG_N_GLYCAN_BIOSYNTHESIS","KEGG_N_GLYCAN_BIOSYNTHESIS",45,-0.272755133990345,-0.952682270031236,0.53041018387553,0.734414100750734,0.558326509342664,4879,"tags=40%, list=29%, signal=28%","29929/8813/79053/4248/57171/1798/1603/6185/4245/84920/11253/91869/11320/57134/199857/4122/144245/4249"
"KEGG_BASAL_TRANSCRIPTION_FACTORS","KEGG_BASAL_TRANSCRIPTION_FACTORS","KEGG_BASAL_TRANSCRIPTION_FACTORS",32,0.259184266544138,0.960146116372673,0.540625,0.742843511450382,0.564734833266372,2963,"tags=25%, list=18%, signal=21%","6873/6877/6882/2957/2960/6884/2969/6875"
"KEGG_ALDOSTERONE_REGULATED_SODIUM_REABSORPTION","KEGG_ALDOSTERONE_REGULATED_SODIUM_REABSORPTION","KEGG_ALDOSTERONE_REGULATED_SODIUM_REABSORPTION",30,0.255001466538704,0.940263014725687,0.547337278106509,0.746369015599785,0.567415041099252,1317,"tags=17%, list=8%, signal=15%","482/9351/3845/5291/23533"
"KEGG_BUTANOATE_METABOLISM","KEGG_BUTANOATE_METABOLISM","KEGG_BUTANOATE_METABOLISM",28,-0.292971061779976,-0.919825457979571,0.56071964017991,0.758868685957773,0.576917714470822,5329,"tags=43%, list=32%, signal=29%","65985/39/64064/18/3157/38/3155/6296/3033/622/224/2572"
"KEGG_STEROID_HORMONE_BIOSYNTHESIS","KEGG_STEROID_HORMONE_BIOSYNTHESIS","KEGG_STEROID_HORMONE_BIOSYNTHESIS",18,-0.324060311506266,-0.921008262527723,0.567651632970451,0.762517118915531,0.579691376953328,1145,"tags=22%, list=7%, signal=21%","3292/51478/1577/6715"
"KEGG_BIOSYNTHESIS_OF_UNSATURATED_FATTY_ACIDS","KEGG_BIOSYNTHESIS_OF_UNSATURATED_FATTY_ACIDS","KEGG_BIOSYNTHESIS_OF_UNSATURATED_FATTY_ACIDS",19,-0.311798043703175,-0.906790684324204,0.573415765069552,0.764554353426069,0.581240151727421,930,"tags=16%, list=6%, signal=15%","641371/55432/9415"
"KEGG_RETINOL_METABOLISM","KEGG_RETINOL_METABOLISM","KEGG_RETINOL_METABOLISM",20,-0.311132843747816,-0.914568049344942,0.578052550231839,0.765069551777434,0.581631822988693,3852,"tags=40%, list=23%, signal=31%","128/130/10170/1579/9249/8608/84649/1577"
"KEGG_ARGININE_AND_PROLINE_METABOLISM","KEGG_ARGININE_AND_PROLINE_METABOLISM","KEGG_ARGININE_AND_PROLINE_METABOLISM",46,0.230160236508092,0.921760869888072,0.587248322147651,0.765976072366501,0.582320990687983,2591,"tags=24%, list=15%, signal=20%","5033/2806/5832/8659/223/2744/2746/112483/1152/4128/4942"
"KEGG_INTESTINAL_IMMUNE_NETWORK_FOR_IGA_PRODUCTION","KEGG_INTESTINAL_IMMUNE_NETWORK_FOR_IGA_PRODUCTION","KEGG_INTESTINAL_IMMUNE_NETWORK_FOR_IGA_PRODUCTION",29,-0.28836471097517,-0.909412678564975,0.585476550680787,0.765976072366501,0.582320990687983,3598,"tags=24%, list=21%, signal=19%","4055/941/8741/3127/10673/3113/958"
"KEGG_WNT_SIGNALING_PATHWAY","KEGG_WNT_SIGNALING_PATHWAY","KEGG_WNT_SIGNALING_PATHWAY",119,-0.231006970157778,-0.944670879468821,0.593869731800766,0.769039940461424,0.584650247134416,4405,"tags=27%, list=26%, signal=20%","4041/8321/3725/5602/6477/5515/5518/64840/8326/815/5881/2033/5533/8322/1387/1454/1855/6907/5526/818/1856/7855/23236/6934/81839/1459/10725/57216/4088/817/10023/8325"
"KEGG_CYTOSOLIC_DNA_SENSING_PATHWAY","KEGG_CYTOSOLIC_DNA_SENSING_PATHWAY","KEGG_CYTOSOLIC_DNA_SENSING_PATHWAY",33,0.249591122676408,0.928387019945755,0.604430379746835,0.777124773960217,0.590796611782621,1764,"tags=21%, list=10%, signal=19%","84265/55703/29108/10623/51728/1147/171568"
"KEGG_EPITHELIAL_CELL_SIGNALING_IN_HELICOBACTER_PYLORI_INFECTION","KEGG_EPITHELIAL_CELL_SIGNALING_IN_HELICOBACTER_PYLORI_INFECTION","KEGG_EPITHELIAL_CELL_SIGNALING_IN_HELICOBACTER_PYLORI_INFECTION",59,-0.251736524088134,-0.921521976971085,0.616361071932299,0.781302767238126,0.593972863982201,4371,"tags=34%, list=26%, signal=25%","523/28964/3725/5602/535/6714/534/5336/6352/9296/1445/58494/245973/83700/537/5335/51382/90423/10392/1839"
"KEGG_TYPE_II_DIABETES_MELLITUS","KEGG_TYPE_II_DIABETES_MELLITUS","KEGG_TYPE_II_DIABETES_MELLITUS",38,-0.270037376254629,-0.910200122464896,0.612625538020086,0.781302767238126,0.593972863982201,4165,"tags=34%, list=25%, signal=26%","5602/5581/5294/8651/3767/777/5595/774/8660/3667/5580/5313/5590"
"KEGG_MAPK_SIGNALING_PATHWAY","KEGG_MAPK_SIGNALING_PATHWAY","KEGG_MAPK_SIGNALING_PATHWAY",212,0.182780041761075,0.955712491008343,0.63013698630137,0.784236762570161,0.596203386749245,3134,"tags=23%, list=19%, signal=19%","6197/4214/3727/7046/3265/3315/408/4616/6655/2122/4149/6885/10912/51347/51295/8491/9693/3845/2353/6654/1147/9064/5532/10235/10746/5604/1649/5922/5536/5567/8649/5879/3303/7048/468/5908/4893/5062/2261/51776/4216/775/5058/1844/5613/7157/3310/5605/4790"
"KEGG_GLYCEROPHOSPHOLIPID_METABOLISM","KEGG_GLYCEROPHOSPHOLIPID_METABOLISM","KEGG_GLYCEROPHOSPHOLIPID_METABOLISM",62,0.210547326912698,0.918997947448177,0.635714285714286,0.784236762570161,0.596203386749245,2779,"tags=21%, list=17%, signal=18%","56895/162466/56985/8443/5337/23761/10434/3931/2820/5130/8525/129642/55500"
"KEGG_GRAFT_VERSUS_HOST_DISEASE","KEGG_GRAFT_VERSUS_HOST_DISEASE","KEGG_GRAFT_VERSUS_HOST_DISEASE",21,-0.298773419398292,-0.880320580588299,0.6328125,0.784236762570161,0.596203386749245,3774,"tags=52%, list=22%, signal=41%","3108/942/3119/3553/3552/3107/941/5551/3127/3133/3113"
"KEGG_PRION_DISEASES","KEGG_PRION_DISEASES","KEGG_PRION_DISEASES",26,0.246591092531137,0.877398733017323,0.636103151862464,0.784236762570161,0.596203386749245,3805,"tags=35%, list=23%, signal=27%","3915/5604/6647/5567/3303/5613/5605/5566/10963"
"KEGG_FC_GAMMA_R_MEDIATED_PHAGOCYTOSIS","KEGG_FC_GAMMA_R_MEDIATED_PHAGOCYTOSIS","KEGG_FC_GAMMA_R_MEDIATED_PHAGOCYTOSIS",90,0.198900360053112,0.924650714754061,0.691666666666667,0.802514792899408,0.610098965362123,3672,"tags=30%, list=22%, signal=24%","10059/7409/10094/5788/10451/6198/5291/8877/23533/4067/10552/5604/5337/81873/5879/382/5058/50807/2209/55616/85477/2213/200576/1794/1399/1398/6850"
"KEGG_TGF_BETA_SIGNALING_PATHWAY","KEGG_TGF_BETA_SIGNALING_PATHWAY","KEGG_TGF_BETA_SIGNALING_PATHWAY",59,0.209939535994994,0.905651978163589,0.686006825938567,0.802514792899408,0.610098965362123,1912,"tags=17%, list=11%, signal=15%","6093/7057/7046/3397/90/6198/9765/5516/9475/5934"
"KEGG_VASCULAR_SMOOTH_MUSCLE_CONTRACTION","KEGG_VASCULAR_SMOOTH_MUSCLE_CONTRACTION","KEGG_VASCULAR_SMOOTH_MUSCLE_CONTRACTION",92,-0.226162263940277,-0.885642019447659,0.693227091633466,0.802514792899408,0.610098965362123,1392,"tags=20%, list=8%, signal=18%","113/10335/1579/553/5595/9138/115/163688/23236/112/10268/5739/5580/3708/27345/146/2776/4638"
"KEGG_HEMATOPOIETIC_CELL_LINEAGE","KEGG_HEMATOPOIETIC_CELL_LINEAGE","KEGG_HEMATOPOIETIC_CELL_LINEAGE",62,-0.237738035815044,-0.88238116387921,0.673130193905817,0.802514792899408,0.610098965362123,4050,"tags=31%, list=24%, signal=23%","3566/3655/7066/3675/933/2814/2322/3127/912/914/947/1438/3554/1378/920/928/3568/916/3678"
"KEGG_PYRUVATE_METABOLISM","KEGG_PYRUVATE_METABOLISM","KEGG_PYRUVATE_METABOLISM",35,-0.262259163928866,-0.871465929283814,0.668604651162791,0.802514792899408,0.610098965362123,1405,"tags=17%, list=8%, signal=16%","98/4190/224/31/97/5313"
"KEGG_GAP_JUNCTION","KEGG_GAP_JUNCTION","KEGG_GAP_JUNCTION",71,-0.228004835903221,-0.867898547212587,0.683089214380826,0.802514792899408,0.610098965362123,3697,"tags=24%, list=22%, signal=19%","6714/2771/5159/113/347733/5595/115/5598/1902/203068/23236/5156/112/1453/3708/2776/5155"
"KEGG_ALANINE_ASPARTATE_AND_GLUTAMATE_METABOLISM","KEGG_ALANINE_ASPARTATE_AND_GLUTAMATE_METABOLISM","KEGG_ALANINE_ASPARTATE_AND_GLUTAMATE_METABOLISM",26,-0.27920730590563,-0.855566601583765,0.672281776416539,0.802514792899408,0.610098965362123,1400,"tags=15%, list=8%, signal=14%","122622/2805/2572/1373"
"KEGG_PANTOTHENATE_AND_COA_BIOSYNTHESIS","KEGG_PANTOTHENATE_AND_COA_BIOSYNTHESIS","KEGG_PANTOTHENATE_AND_COA_BIOSYNTHESIS",13,-0.31733270242293,-0.830597494879754,0.690705128205128,0.802514792899408,0.610098965362123,4433,"tags=46%, list=26%, signal=34%","55229/8875/80025/5167/1806/79717"
"KEGG_TERPENOID_BACKBONE_BIOSYNTHESIS","KEGG_TERPENOID_BACKBONE_BIOSYNTHESIS","KEGG_TERPENOID_BACKBONE_BIOSYNTHESIS",13,-0.315996745369032,-0.827100715084408,0.69551282051282,0.802514792899408,0.610098965362123,18,"tags=38%, list=0%, signal=38%","39/3157/9453/38/4598"
"KEGG_GLYCOSAMINOGLYCAN_BIOSYNTHESIS_CHONDROITIN_SULFATE","KEGG_GLYCOSAMINOGLYCAN_BIOSYNTHESIS_CHONDROITIN_SULFATE","KEGG_GLYCOSAMINOGLYCAN_BIOSYNTHESIS_CHONDROITIN_SULFATE",17,-0.293928106836661,-0.823378403475436,0.694835680751174,0.802514792899408,0.610098965362123,1078,"tags=18%, list=6%, signal=17%","79586/10090/29940"
"KEGG_ONE_CARBON_POOL_BY_FOLATE","KEGG_ONE_CARBON_POOL_BY_FOLATE","KEGG_ONE_CARBON_POOL_BY_FOLATE",16,-0.300632639927562,-0.823561970577991,0.701754385964912,0.804559168622192,0.611653169127983,3473,"tags=31%, list=21%, signal=25%","10841/441024/275/4522/1719"
"KEGG_HISTIDINE_METABOLISM","KEGG_HISTIDINE_METABOLISM","KEGG_HISTIDINE_METABOLISM",21,0.252679354397891,0.828011263843168,0.720994475138122,0.806080779657527,0.612809949447243,4917,"tags=38%, list=29%, signal=27%","60487/51451/223/4128/219/114049/501/3176"
"KEGG_GLYCOSAMINOGLYCAN_BIOSYNTHESIS_HEPARAN_SULFATE","KEGG_GLYCOSAMINOGLYCAN_BIOSYNTHESIS_HEPARAN_SULFATE","KEGG_GLYCOSAMINOGLYCAN_BIOSYNTHESIS_HEPARAN_SULFATE",15,0.274848432470088,0.825595011686191,0.719160104986877,0.806080779657527,0.612809949447243,1695,"tags=13%, list=10%, signal=12%","11285/126792"
"KEGG_NITROGEN_METABOLISM","KEGG_NITROGEN_METABOLISM","KEGG_NITROGEN_METABOLISM",19,-0.281501569586128,-0.818680572500153,0.707882534775889,0.806080779657527,0.612809949447243,65,"tags=21%, list=0%, signal=21%","377677/766/275/1373"
"KEGG_PRIMARY_BILE_ACID_BIOSYNTHESIS","KEGG_PRIMARY_BILE_ACID_BIOSYNTHESIS","KEGG_PRIMARY_BILE_ACID_BIOSYNTHESIS",10,-0.325581207177509,-0.798700871957493,0.7140549273021,0.806080779657527,0.612809949447243,5635,"tags=70%, list=33%, signal=47%","80270/23600/570/1582/9420/1593/10858"
"KEGG_ERBB_SIGNALING_PATHWAY","KEGG_ERBB_SIGNALING_PATHWAY","KEGG_ERBB_SIGNALING_PATHWAY",75,0.199127176502629,0.896552561059622,0.726907630522088,0.807675145024543,0.614022040077138,3726,"tags=31%, list=22%, signal=24%","572/3265/6655/1027/6198/3845/5291/6654/23533/5604/5747/4893/5062/4690/5058/6776/868/1978/5605/6777/1399/1398/2549"
"KEGG_METABOLISM_OF_XENOBIOTICS_BY_CYTOCHROME_P450","KEGG_METABOLISM_OF_XENOBIOTICS_BY_CYTOCHROME_P450","KEGG_METABOLISM_OF_XENOBIOTICS_BY_CYTOCHROME_P450",26,0.231005577556244,0.821943724679312,0.742120343839542,0.819519398105015,0.623026443003813,516,"tags=12%, list=3%, signal=11%","2954/9446/1645"
"KEGG_GNRH_SIGNALING_PATHWAY","KEGG_GNRH_SIGNALING_PATHWAY","KEGG_GNRH_SIGNALING_PATHWAY",84,-0.214825753927008,-0.839139311121362,0.760416666666667,0.834603658536585,0.634494009413778,4388,"tags=27%, list=26%, signal=20%","111/3725/5602/2798/6714/5338/815/2797/113/4313/5595/115/5608/5598/818/163688/23236/112/5580/1839/3708/817/2776"
"KEGG_FOCAL_ADHESION","KEGG_FOCAL_ADHESION","KEGG_FOCAL_ADHESION",167,-0.200995329334679,-0.861636764629947,0.777777777777778,0.848484848484848,0.645046960836435,4254,"tags=28%, list=25%, signal=21%","1280/3725/1288/5602/7448/91807/3655/5294/1284/673/5728/6714/2909/3910/3675/5228/5881/10319/5159/2889/1293/3480/103910/60/5595/3680/2064/2324/5649/5923/3479/10298/3679/88/5156/81/1282/3693/7408/3082/3912/2335/3908/3678/3913/4638/5155"
"KEGG_NOD_LIKE_RECEPTOR_SIGNALING_PATHWAY","KEGG_NOD_LIKE_RECEPTOR_SIGNALING_PATHWAY","KEGG_NOD_LIKE_RECEPTOR_SIGNALING_PATHWAY",51,0.198694823745216,0.816007151937079,0.819444444444444,0.88855421686747,0.675509053758895,1600,"tags=14%, list=10%, signal=12%","9051/55914/6885/3320/29108/1147/3576"
"KEGG_DRUG_METABOLISM_CYTOCHROME_P450","KEGG_DRUG_METABOLISM_CYTOCHROME_P450","KEGG_DRUG_METABOLISM_CYTOCHROME_P450",26,0.218604768618351,0.777820257206036,0.825214899713467,0.889453185319905,0.676192480067764,2708,"tags=23%, list=16%, signal=19%","2954/9446/4259/1548/4128/2946"
"KEGG_PPAR_SIGNALING_PATHWAY","KEGG_PPAR_SIGNALING_PATHWAY","KEGG_PPAR_SIGNALING_PATHWAY",50,0.196205795931681,0.810872112910377,0.832775919732441,0.892259913999044,0.67832625040863,2571,"tags=20%, list=15%, signal=17%","2182/6319/34/23305/1376/6256/2180/30/2181/5360"
"KEGG_AXON_GUIDANCE","KEGG_AXON_GUIDANCE","KEGG_AXON_GUIDANCE",93,-0.198849979396677,-0.781324074409063,0.854689564068692,0.910320245753637,0.692056327181127,4202,"tags=30%, list=25%, signal=23%","25/2043/55558/5364/64221/1944/3897/2771/5881/57522/1020/1072/23380/5533/5595/2242/10507/5361/3985/1948/57556/8482/2050/10298/219699/10371/6405/10725"
"KEGG_DRUG_METABOLISM_OTHER_ENZYMES","KEGG_DRUG_METABOLISM_OTHER_ENZYMES","KEGG_DRUG_METABOLISM_OTHER_ENZYMES",21,-0.226994051164733,-0.668826347785106,0.8765625,0.928125,0.705592105263158,1377,"tags=14%, list=8%, signal=13%","3615/1806/1577"
"KEGG_ETHER_LIPID_METABOLISM","KEGG_ETHER_LIPID_METABOLISM","KEGG_ETHER_LIPID_METABOLISM",21,0.208402214527538,0.682918402454577,0.906077348066298,0.953765629543472,0.725084981524277,1996,"tags=14%, list=12%, signal=13%","5050/8540/5337"
"KEGG_LYSINE_DEGRADATION","KEGG_LYSINE_DEGRADATION","KEGG_LYSINE_DEGRADATION",42,0.179936916539011,0.713066126684691,0.926282051282051,0.966911567544377,0.735078969478182,3521,"tags=26%, list=21%, signal=21%","5352/6839/54904/29072/1892/223/23067/10157/387893/219/60496"
"KEGG_REGULATION_OF_AUTOPHAGY","KEGG_REGULATION_OF_AUTOPHAGY","KEGG_REGULATION_OF_AUTOPHAGY",18,-0.221723423799711,-0.630157714674423,0.934681181959565,0.966911567544377,0.735078969478182,1029,"tags=28%, list=6%, signal=26%","9706/115201/11337/64422/25989"
"KEGG_GLYOXYLATE_AND_DICARBOXYLATE_METABOLISM","KEGG_GLYOXYLATE_AND_DICARBOXYLATE_METABOLISM","KEGG_GLYOXYLATE_AND_DICARBOXYLATE_METABOLISM",13,0.213661156192477,0.601426227438413,0.933862433862434,0.966911567544377,0.735078969478182,2720,"tags=23%, list=16%, signal=19%","48/4191/1431"
"KEGG_INOSITOL_PHOSPHATE_METABOLISM","KEGG_INOSITOL_PHOSPHATE_METABOLISM","KEGG_INOSITOL_PHOSPHATE_METABOLISM",51,0.176658719495786,0.72550847497394,0.951388888888889,0.967514124293785,0.735537053556679,3435,"tags=24%, list=20%, signal=19%","3705/5291/3612/5289/5286/51763/5305/3613/3628/3633/5331/200576"
"KEGG_GLYCINE_SERINE_AND_THREONINE_METABOLISM","KEGG_GLYCINE_SERINE_AND_THREONINE_METABOLISM","KEGG_GLYCINE_SERINE_AND_THREONINE_METABOLISM",24,0.185548027810833,0.64085426376636,0.948571428571429,0.967514124293785,0.735537053556679,3252,"tags=21%, list=19%, signal=17%","26227/23464/4128/1491/211"
"KEGG_PHENYLALANINE_METABOLISM","KEGG_PHENYLALANINE_METABOLISM","KEGG_PHENYLALANINE_METABOLISM",12,0.206696811175688,0.563479474933076,0.948369565217391,0.967514124293785,0.735537053556679,3738,"tags=25%, list=22%, signal=19%","2806/4128/9588"
"KEGG_LONG_TERM_DEPRESSION","KEGG_LONG_TERM_DEPRESSION","KEGG_LONG_TERM_DEPRESSION",53,0.164921725470784,0.687667793876375,0.972602739726027,0.983530860397106,0.747713519600139,3337,"tags=23%, list=20%, signal=18%","3265/3845/3709/5516/4067/5604/2778/2770/4893/5605/5331/10672"
"KEGG_TASTE_TRANSDUCTION","KEGG_TASTE_TRANSDUCTION","KEGG_TASTE_TRANSDUCTION",19,-0.182617836342496,-0.531100679209076,0.990726429675425,0.996261214198751,0.757391566349928,2553,"tags=37%, list=15%, signal=31%","259290/51764/773/2784/3745/774/112"
"KEGG_TOLL_LIKE_RECEPTOR_SIGNALING_PATHWAY","KEGG_TOLL_LIKE_RECEPTOR_SIGNALING_PATHWAY","KEGG_TOLL_LIKE_RECEPTOR_SIGNALING_PATHWAY",75,-0.12564546483892,-0.481675100908204,1,1,0.760233918128655,5389,"tags=28%, list=32%, signal=19%","23643/3553/5600/207/7189/7097/3725/5602/10454/5294/941/6352/8772/1513/5595/148022/7099/5608/51135/10333/958"
