#node1	node2	node1_string_id	node2_string_id	neighborhood_on_chromosome	gene_fusion	phylogenetic_cooccurrence	homology	coexpression	experimentally_determined_interaction	database_annotated	automated_textmining	combined_score
BAZ2B	CREBBP	9606.ENSP00000376534	9606.ENSP00000262367	0	0	0	0.546	0.138	0	0	0.414	0.473
BAZ2B	HDAC1	9606.ENSP00000376534	9606.ENSP00000362649	0	0	0	0	0.049	0.053	0	0.492	0.503
BRD2	KAT2A	9606.ENSP00000378702	9606.ENSP00000225916	0	0	0	0.554	0.091	0.071	0	0.563	0.599
BRD2	EP300	9606.ENSP00000378702	9606.ENSP00000263253	0	0	0	0.557	0.114	0.067	0.500	0.243	0.645
BRD2	BRD4	9606.ENSP00000378702	9606.ENSP00000263377	0	0	0.058	0.921	0.122	0.803	0	0.794	0.961
BRD2	KAT2B	9606.ENSP00000378702	9606.ENSP00000263754	0	0	0	0.558	0.052	0.071	0	0.555	0.574
BRD2	TOP2B	9606.ENSP00000378702	9606.ENSP00000264331	0	0	0	0	0.047	0.328	0	0.138	0.400
BRD2	HDAC4	9606.ENSP00000378702	9606.ENSP00000264606	0	0	0	0	0.053	0.071	0.500	0.333	0.667
BRD2	HDAC11	9606.ENSP00000378702	9606.ENSP00000295757	0	0	0	0	0.048	0.071	0	0.724	0.735
BRD2	BRD3	9606.ENSP00000378702	9606.ENSP00000305918	0	0	0.061	0.958	0.054	0.837	0	0.952	0.992
BRD2	TOP1	9606.ENSP00000378702	9606.ENSP00000354522	0	0	0	0	0.092	0.515	0	0.142	0.590
BRD2	PARP1	9606.ENSP00000378702	9606.ENSP00000355759	0	0	0	0	0.048	0.086	0	0.374	0.407
BRD2	HDAC1	9606.ENSP00000378702	9606.ENSP00000362649	0	0	0	0	0.082	0.071	0	0.452	0.492
BRD2	HDAC6	9606.ENSP00000378702	9606.ENSP00000365804	0	0	0	0	0.056	0.071	0	0.386	0.415
BRD2	BRD7	9606.ENSP00000378702	9606.ENSP00000378181	0	0	0	0.555	0.044	0.606	0	0.260	0.696
BRD2	TOP2A	9606.ENSP00000378702	9606.ENSP00000411532	0	0	0	0	0.047	0.328	0	0.167	0.421
BRD2	KDM1A	9606.ENSP00000378702	9606.ENSP00000383042	0	0	0	0	0.077	0	0	0.436	0.458
BRD2	HDAC2	9606.ENSP00000378702	9606.ENSP00000430432	0	0	0	0	0.067	0.071	0	0.428	0.462
BRD2	KMT2A	9606.ENSP00000378702	9606.ENSP00000436786	0	0	0	0	0.074	0.071	0	0.437	0.474
BRD2	EHMT1	9606.ENSP00000378702	9606.ENSP00000417980	0	0	0	0	0.074	0.439	0	0.216	0.557
BRD2	EHMT2	9606.ENSP00000378702	9606.ENSP00000379078	0	0	0	0	0.067	0.439	0	0.337	0.623
BRD2	BRD9	9606.ENSP00000378702	9606.ENSP00000419765	0	0	0	0.557	0.081	0.606	0	0.289	0.720
BRD3	SIRT1	9606.ENSP00000305918	9606.ENSP00000212015	0	0	0	0	0.044	0.073	0	0.571	0.586
BRD3	EP300	9606.ENSP00000305918	9606.ENSP00000263253	0	0	0	0.560	0.187	0.067	0	0.504	0.591
BRD3	BRD4	9606.ENSP00000305918	9606.ENSP00000263377	0	0	0.052	0.945	0.139	0.828	0	0.753	0.960
BRD3	HDAC2	9606.ENSP00000305918	9606.ENSP00000430432	0	0	0	0	0.076	0.071	0	0.361	0.404
BRD3	TOP1	9606.ENSP00000305918	9606.ENSP00000354522	0	0	0	0	0.073	0.300	0	0.159	0.407
BRD3	KDM1A	9606.ENSP00000305918	9606.ENSP00000383042	0	0	0	0	0.076	0	0	0.412	0.434
BRD3	HDAC1	9606.ENSP00000305918	9606.ENSP00000362649	0	0	0	0	0.099	0.071	0	0.397	0.452
BRD3	KMT2A	9606.ENSP00000305918	9606.ENSP00000436786	0	0	0	0	0.161	0.192	0	0.263	0.457
BRD3	MEN1	9606.ENSP00000305918	9606.ENSP00000337088	0	0	0	0	0.072	0	0	0.462	0.479
BRD3	EHMT1	9606.ENSP00000305918	9606.ENSP00000417980	0	0	0	0	0.162	0.439	0	0.145	0.563
BRD3	EHMT2	9606.ENSP00000305918	9606.ENSP00000379078	0	0	0	0	0.125	0.534	0	0.311	0.694
BRD3	BRD9	9606.ENSP00000305918	9606.ENSP00000419765	0	0	0	0.555	0.049	0.606	0	0.288	0.710
BRD3	BRD2	9606.ENSP00000305918	9606.ENSP00000378702	0	0	0.061	0.958	0.054	0.837	0	0.952	0.992
BRD4	SIRT1	9606.ENSP00000263377	9606.ENSP00000212015	0	0	0	0	0	0.526	0	0.663	0.833
BRD4	KAT2A	9606.ENSP00000263377	9606.ENSP00000225916	0	0	0	0.554	0.052	0.314	0	0.288	0.497
BRD4	CREBBP	9606.ENSP00000263377	9606.ENSP00000262367	0	0	0	0.550	0.194	0.311	0	0.519	0.710
BRD4	EP300	9606.ENSP00000263377	9606.ENSP00000263253	0	0	0	0.549	0.326	0.787	0	0.927	0.988
BRD4	EED	9606.ENSP00000263377	9606.ENSP00000338186	0	0	0	0	0.054	0.292	0	0.226	0.436
BRD4	HDAC8	9606.ENSP00000263377	9606.ENSP00000362674	0	0	0	0	0.060	0.071	0	0.414	0.444
BRD4	HDAC6	9606.ENSP00000263377	9606.ENSP00000365804	0	0	0	0	0.055	0.071	0	0.424	0.451
BRD4	EHMT1	9606.ENSP00000263377	9606.ENSP00000417980	0	0	0	0	0.085	0.314	0	0.240	0.482
BRD4	HDAC3	9606.ENSP00000263377	9606.ENSP00000302967	0	0	0	0	0.075	0.314	0	0.252	0.484
BRD4	NCOR2	9606.ENSP00000263377	9606.ENSP00000384018	0	0	0	0	0.159	0.309	0	0.239	0.520
BRD4	CARM1	9606.ENSP00000263377	9606.ENSP00000325690	0	0	0	0	0.149	0.292	0	0.308	0.546
BRD4	HDAC4	9606.ENSP00000263377	9606.ENSP00000264606	0	0	0	0	0.053	0.071	0	0.534	0.554
BRD4	SETD2	9606.ENSP00000263377	9606.ENSP00000386759	0	0	0	0	0.074	0.314	0	0.411	0.593
BRD4	TOP2B	9606.ENSP00000263377	9606.ENSP00000264331	0	0	0	0	0.057	0.535	0	0.229	0.633
BRD4	PLK1	9606.ENSP00000263377	9606.ENSP00000300093	0	0	0	0	0.077	0	0	0.667	0.679
BRD4	HDAC2	9606.ENSP00000263377	9606.ENSP00000430432	0	0	0	0	0.081	0.525	0	0.482	0.754
BRD4	TOP1	9606.ENSP00000263377	9606.ENSP00000354522	0	0	0	0	0.175	0.629	0	0.291	0.764
BRD4	PARP1	9606.ENSP00000263377	9606.ENSP00000355759	0	0	0	0	0.055	0.510	0	0.536	0.766
BRD4	EHMT2	9606.ENSP00000263377	9606.ENSP00000379078	0	0	0	0	0.085	0.314	0	0.673	0.777
BRD4	KDM1A	9606.ENSP00000263377	9606.ENSP00000383042	0	0	0	0	0.080	0.292	0	0.729	0.808
BRD4	KMT2A	9606.ENSP00000263377	9606.ENSP00000436786	0	0	0	0	0.170	0.631	0	0.611	0.870
BRD4	TOP2A	9606.ENSP00000263377	9606.ENSP00000411532	0	0	0	0	0.049	0.743	0	0.513	0.870
BRD4	BRD9	9606.ENSP00000263377	9606.ENSP00000419765	0	0	0	0.559	0.067	0.803	0	0.588	0.917
BRD4	HDAC1	9606.ENSP00000263377	9606.ENSP00000362649	0	0	0	0	0.098	0.791	0	0.775	0.954
BRD4	BRD3	9606.ENSP00000263377	9606.ENSP00000305918	0	0	0.052	0.945	0.139	0.828	0	0.753	0.960
BRD4	BRD2	9606.ENSP00000263377	9606.ENSP00000378702	0	0	0.058	0.921	0.122	0.803	0	0.794	0.961
BRD7	CREBBP	9606.ENSP00000378181	9606.ENSP00000262367	0	0	0	0.554	0.099	0	0	0.385	0.422
BRD7	EP300	9606.ENSP00000378181	9606.ENSP00000263253	0	0	0	0.554	0.105	0.292	0.800	0.482	0.925
BRD7	TOP1	9606.ENSP00000378181	9606.ENSP00000354522	0	0	0	0	0.074	0.422	0	0.084	0.466
BRD7	PARP1	9606.ENSP00000378181	9606.ENSP00000355759	0	0	0	0	0.092	0.292	0	0.154	0.408
BRD7	HDAC1	9606.ENSP00000378181	9606.ENSP00000362649	0	0	0	0	0.098	0	0.400	0.253	0.561
BRD7	TYK2	9606.ENSP00000378181	9606.ENSP00000431885	0	0	0	0	0.187	0.292	0	0	0.400
BRD7	HDAC2	9606.ENSP00000378181	9606.ENSP00000430432	0	0	0	0	0.151	0	0.400	0.395	0.665
BRD7	BRD2	9606.ENSP00000378181	9606.ENSP00000378702	0	0	0	0.555	0.044	0.606	0	0.260	0.696
BRD7	BRD9	9606.ENSP00000378181	9606.ENSP00000419765	0	0	0	0.829	0.126	0.299	0	0.583	0.722
BRD9	KAT2A	9606.ENSP00000419765	9606.ENSP00000225916	0	0	0	0	0.127	0	0	0.391	0.446
BRD9	BRD4	9606.ENSP00000419765	9606.ENSP00000263377	0	0	0	0.559	0.067	0.803	0	0.588	0.917
BRD9	BRD3	9606.ENSP00000419765	9606.ENSP00000305918	0	0	0	0.555	0.049	0.606	0	0.288	0.710
BRD9	BRD7	9606.ENSP00000419765	9606.ENSP00000378181	0	0	0	0.829	0.126	0.299	0	0.583	0.722
BRD9	BRD2	9606.ENSP00000419765	9606.ENSP00000378702	0	0	0	0.557	0.081	0.606	0	0.289	0.720
BRD9	KDM1A	9606.ENSP00000419765	9606.ENSP00000383042	0	0	0	0	0.150	0	0	0.413	0.480
CARM1	SIRT1	9606.ENSP00000325690	9606.ENSP00000212015	0	0	0	0	0.067	0.053	0	0.561	0.578
CARM1	KAT2A	9606.ENSP00000325690	9606.ENSP00000225916	0	0	0	0	0.140	0.078	0	0.370	0.457
CARM1	CREBBP	9606.ENSP00000325690	9606.ENSP00000262367	0	0	0	0	0.067	0.749	0.400	0.881	0.981
CARM1	EP300	9606.ENSP00000325690	9606.ENSP00000263253	0	0	0	0	0.060	0.842	0.800	0.980	0.999
CARM1	BRD4	9606.ENSP00000325690	9606.ENSP00000263377	0	0	0	0	0.149	0.292	0	0.308	0.546
CARM1	KAT2B	9606.ENSP00000325690	9606.ENSP00000263754	0	0	0	0	0.087	0.319	0.500	0.790	0.926
CARM1	HDAC3	9606.ENSP00000325690	9606.ENSP00000302967	0	0	0	0	0.084	0.046	0.500	0.176	0.592
CARM1	SETD2	9606.ENSP00000325690	9606.ENSP00000386759	0	0	0	0	0.094	0.049	0	0.382	0.421
CARM1	PARP1	9606.ENSP00000325690	9606.ENSP00000355759	0	0	0	0	0.049	0.292	0	0.211	0.422
CARM1	HDAC1	9606.ENSP00000325690	9606.ENSP00000362649	0	0	0	0	0.084	0.046	0	0.416	0.445
CARM1	HDAC9	9606.ENSP00000325690	9606.ENSP00000408617	0	0	0	0	0	0.046	0	0.570	0.573
CARM1	EHMT2	9606.ENSP00000325690	9606.ENSP00000379078	0	0	0	0	0.080	0.049	0	0.590	0.610
CARM1	KDM1A	9606.ENSP00000325690	9606.ENSP00000383042	0	0	0	0	0.106	0.292	0	0.514	0.666
CARM1	NCOR2	9606.ENSP00000325690	9606.ENSP00000384018	0	0	0	0	0.281	0.069	0.500	0.328	0.745
CREBBP	HDAC7	9606.ENSP00000262367	9606.ENSP00000080059	0	0	0	0	0.056	0.090	0.500	0.410	0.712
CREBBP	SIRT1	9606.ENSP00000262367	9606.ENSP00000212015	0	0	0	0	0.088	0.101	0	0.724	0.754
CREBBP	HDAC10	9606.ENSP00000262367	9606.ENSP00000216271	0	0	0	0	0	0.090	0.500	0.339	0.673
CREBBP	KAT2A	9606.ENSP00000262367	9606.ENSP00000225916	0	0	0	0	0	0.095	0.900	0.641	0.964
CREBBP	HDAC5	9606.ENSP00000262367	9606.ENSP00000225983	0	0	0	0	0.060	0.090	0.500	0.613	0.812
CREBBP	SIRT2	9606.ENSP00000262367	9606.ENSP00000249396	0	0	0	0	0	0.088	0	0.414	0.443
CREBBP	JAK3	9606.ENSP00000262367	9606.ENSP00000432511	0	0	0	0	0.075	0.047	0	0.393	0.419
CREBBP	BRD7	9606.ENSP00000262367	9606.ENSP00000378181	0	0	0	0.554	0.099	0	0	0.385	0.422
CREBBP	EHMT2	9606.ENSP00000262367	9606.ENSP00000379078	0	0	0	0	0.096	0.091	0	0.375	0.441
CREBBP	KDM1A	9606.ENSP00000262367	9606.ENSP00000383042	0	0	0	0	0.056	0	0	0.437	0.446
CREBBP	JAK2	9606.ENSP00000262367	9606.ENSP00000371067	0	0	0	0	0.082	0.047	0	0.423	0.451
CREBBP	TOP2B	9606.ENSP00000262367	9606.ENSP00000264331	0	0	0	0	0.127	0	0	0.413	0.466
CREBBP	JAK1	9606.ENSP00000262367	9606.ENSP00000499900	0	0	0	0	0.157	0.047	0	0.395	0.472
CREBBP	BAZ2B	9606.ENSP00000262367	9606.ENSP00000376534	0	0	0	0.546	0.138	0	0	0.414	0.473
CREBBP	EED	9606.ENSP00000262367	9606.ENSP00000338186	0	0	0	0	0.055	0	0.500	0.170	0.574
CREBBP	BRD4	9606.ENSP00000262367	9606.ENSP00000263377	0	0	0	0.550	0.194	0.311	0	0.519	0.710
CREBBP	HDAC8	9606.ENSP00000262367	9606.ENSP00000362674	0	0	0	0	0	0.094	0.500	0.434	0.721
CREBBP	PARP1	9606.ENSP00000262367	9606.ENSP00000355759	0	0	0	0	0.065	0.623	0	0.315	0.738
CREBBP	HDAC6	9606.ENSP00000262367	9606.ENSP00000365804	0	0	0	0	0.049	0.090	0.500	0.475	0.742
CREBBP	HDAC4	9606.ENSP00000262367	9606.ENSP00000264606	0	0	0	0	0.085	0.090	0.500	0.460	0.745
CREBBP	HDAC11	9606.ENSP00000262367	9606.ENSP00000295757	0	0	0	0	0	0.090	0.500	0.518	0.761
CREBBP	SETD2	9606.ENSP00000262367	9606.ENSP00000386759	0	0	0	0	0.327	0.091	0	0.706	0.805
CREBBP	HDAC9	9606.ENSP00000262367	9606.ENSP00000408617	0	0	0	0	0	0.090	0.500	0.644	0.824
CREBBP	NCOR2	9606.ENSP00000262367	9606.ENSP00000384018	0	0	0	0	0.259	0.304	0.500	0.563	0.872
CREBBP	HDAC3	9606.ENSP00000262367	9606.ENSP00000302967	0	0	0	0	0.058	0.331	0.500	0.644	0.873
CREBBP	HDAC2	9606.ENSP00000262367	9606.ENSP00000430432	0	0	0	0	0.057	0.537	0.500	0.735	0.934
CREBBP	HDAC1	9606.ENSP00000262367	9606.ENSP00000362649	0	0	0	0	0.099	0.537	0.500	0.833	0.960
CREBBP	CARM1	9606.ENSP00000262367	9606.ENSP00000325690	0	0	0	0	0.067	0.749	0.400	0.881	0.981
CREBBP	KMT2A	9606.ENSP00000262367	9606.ENSP00000436786	0	0	0	0	0.151	0.981	0	0.727	0.995
CREBBP	KAT2B	9606.ENSP00000262367	9606.ENSP00000263754	0	0	0	0	0.049	0.793	0.900	0.992	0.999
CREBBP	EP300	9606.ENSP00000262367	9606.ENSP00000263253	0	0	0.062	0.956	0.839	0.782	0.900	0.983	0.999
EED	HDAC7	9606.ENSP00000338186	9606.ENSP00000080059	0	0	0	0	0.088	0.176	0.500	0.149	0.638
EED	SIRT1	9606.ENSP00000338186	9606.ENSP00000212015	0	0	0	0	0.075	0.389	0	0.538	0.716
EED	HDAC5	9606.ENSP00000338186	9606.ENSP00000225983	0	0	0	0	0.083	0.176	0.500	0.148	0.635
EED	CREBBP	9606.ENSP00000338186	9606.ENSP00000262367	0	0	0	0	0.055	0	0.500	0.170	0.574
EED	EP300	9606.ENSP00000338186	9606.ENSP00000263253	0	0	0	0	0.049	0	0.500	0.290	0.632
EED	BRD4	9606.ENSP00000338186	9606.ENSP00000263377	0	0	0	0	0.054	0.292	0	0.226	0.436
EED	HDAC4	9606.ENSP00000338186	9606.ENSP00000264606	0	0	0	0	0.090	0.176	0	0.266	0.402
EED	HDAC3	9606.ENSP00000338186	9606.ENSP00000302967	0	0	0	0	0.075	0.288	0.500	0.203	0.702
EED	NCOR2	9606.ENSP00000338186	9606.ENSP00000384018	0	0	0	0	0.042	0	0.400	0.136	0.460
EED	HDAC8	9606.ENSP00000338186	9606.ENSP00000362674	0	0	0	0	0.069	0.342	0	0.205	0.471
EED	KMT2A	9606.ENSP00000338186	9606.ENSP00000436786	0	0	0	0	0.092	0.314	0	0.377	0.578
EED	SETD2	9606.ENSP00000338186	9606.ENSP00000386759	0	0	0	0	0.065	0.314	0	0.400	0.582
EED	EHMT1	9606.ENSP00000338186	9606.ENSP00000417980	0	0	0	0	0.085	0.314	0	0.412	0.599
EED	EHMT2	9606.ENSP00000338186	9606.ENSP00000379078	0	0	0	0	0.064	0.314	0	0.554	0.688
EED	KDM1A	9606.ENSP00000338186	9606.ENSP00000383042	0	0	0	0	0.062	0.095	0.500	0.473	0.746
EED	HDAC1	9606.ENSP00000338186	9606.ENSP00000362649	0	0	0	0	0.118	0.763	0.500	0.598	0.952
EED	HDAC2	9606.ENSP00000338186	9606.ENSP00000430432	0	0	0	0	0.100	0.717	0.900	0.609	0.988
EHMT1	EP300	9606.ENSP00000417980	9606.ENSP00000263253	0	0	0	0	0.126	0.091	0	0.369	0.455
EHMT1	BRD4	9606.ENSP00000417980	9606.ENSP00000263377	0	0	0	0	0.085	0.314	0	0.240	0.482
EHMT1	HDAC4	9606.ENSP00000417980	9606.ENSP00000264606	0.042	0	0	0	0.067	0.127	0	0.356	0.431
EHMT1	BRD3	9606.ENSP00000417980	9606.ENSP00000305918	0	0	0	0	0.162	0.439	0	0.145	0.563
EHMT1	EED	9606.ENSP00000417980	9606.ENSP00000338186	0	0	0	0	0.085	0.314	0	0.412	0.599
EHMT1	KDM4A	9606.ENSP00000417980	9606.ENSP00000361473	0	0	0	0	0.061	0	0	0.463	0.474
EHMT1	HDAC1	9606.ENSP00000417980	9606.ENSP00000362649	0.042	0	0	0	0.085	0.473	0	0.889	0.942
EHMT1	BRD2	9606.ENSP00000417980	9606.ENSP00000378702	0	0	0	0	0.074	0.439	0	0.216	0.557
EHMT1	EHMT2	9606.ENSP00000417980	9606.ENSP00000379078	0	0	0.075	0.925	0.131	0.836	0.900	0.979	0.999
EHMT1	KDM1A	9606.ENSP00000417980	9606.ENSP00000383042	0	0	0	0	0.152	0.071	0	0.736	0.774
EHMT1	KMT2A	9606.ENSP00000417980	9606.ENSP00000436786	0	0	0	0.550	0.215	0	0	0.296	0.425
EHMT1	HDAC2	9606.ENSP00000417980	9606.ENSP00000430432	0.042	0	0	0	0.076	0.473	0	0.721	0.852
EHMT2	HDAC7	9606.ENSP00000379078	9606.ENSP00000080059	0.042	0	0	0	0.074	0.127	0	0.375	0.451
EHMT2	SIRT1	9606.ENSP00000379078	9606.ENSP00000212015	0	0	0	0	0.042	0.096	0	0.521	0.549
EHMT2	HDAC10	9606.ENSP00000379078	9606.ENSP00000216271	0.042	0	0	0	0.112	0.127	0	0.287	0.400
EHMT2	KAT2A	9606.ENSP00000379078	9606.ENSP00000225916	0	0	0	0	0.075	0.094	0	0.516	0.559
EHMT2	HDAC5	9606.ENSP00000379078	9606.ENSP00000225983	0.042	0	0	0	0.090	0.127	0	0.438	0.515
EHMT2	SIRT2	9606.ENSP00000379078	9606.ENSP00000249396	0	0	0	0	0.056	0.096	0	0.397	0.441
EHMT2	CREBBP	9606.ENSP00000379078	9606.ENSP00000262367	0	0	0	0	0.096	0.091	0	0.375	0.441
EHMT2	EP300	9606.ENSP00000379078	9606.ENSP00000263253	0	0	0	0	0.076	0.091	0	0.741	0.764
EHMT2	BRD4	9606.ENSP00000379078	9606.ENSP00000263377	0	0	0	0	0.085	0.314	0	0.673	0.777
EHMT2	KAT2B	9606.ENSP00000379078	9606.ENSP00000263754	0	0	0	0	0	0.331	0	0.520	0.665
EHMT2	HDAC4	9606.ENSP00000379078	9606.ENSP00000264606	0.042	0	0	0	0.060	0.127	0	0.460	0.519
EHMT2	HDAC11	9606.ENSP00000379078	9606.ENSP00000295757	0.042	0	0	0	0.060	0.127	0	0.456	0.515
EHMT2	HDAC3	9606.ENSP00000379078	9606.ENSP00000302967	0.042	0	0	0	0.067	0.127	0	0.360	0.435
EHMT2	BRD3	9606.ENSP00000379078	9606.ENSP00000305918	0	0	0	0	0.125	0.534	0	0.311	0.694
EHMT2	CARM1	9606.ENSP00000379078	9606.ENSP00000325690	0	0	0	0	0.080	0.049	0	0.590	0.610
EHMT2	MEN1	9606.ENSP00000379078	9606.ENSP00000337088	0	0	0	0	0.273	0.127	0	0.254	0.485
EHMT2	EED	9606.ENSP00000379078	9606.ENSP00000338186	0	0	0	0	0.064	0.314	0	0.554	0.688
EHMT2	KDM4A	9606.ENSP00000379078	9606.ENSP00000361473	0	0	0	0	0.049	0	0	0.725	0.727
EHMT2	HDAC1	9606.ENSP00000379078	9606.ENSP00000362649	0.042	0	0	0	0.083	0.662	0.500	0.996	0.999
EHMT2	HDAC8	9606.ENSP00000379078	9606.ENSP00000362674	0.042	0	0	0	0.060	0.127	0	0.740	0.768
EHMT2	HDAC6	9606.ENSP00000379078	9606.ENSP00000365804	0.042	0	0	0	0.083	0.127	0	0.376	0.458
EHMT2	BRD2	9606.ENSP00000379078	9606.ENSP00000378702	0	0	0	0	0.067	0.439	0	0.337	0.623
EHMT2	SETD2	9606.ENSP00000379078	9606.ENSP00000386759	0	0	0	0.552	0.083	0.100	0	0.348	0.415
EHMT2	HDAC9	9606.ENSP00000379078	9606.ENSP00000408617	0.042	0	0	0	0.060	0.127	0	0.443	0.503
EHMT2	HDAC2	9606.ENSP00000379078	9606.ENSP00000430432	0.042	0	0	0	0.082	0.644	0.500	0.902	0.982
EHMT2	KDM1A	9606.ENSP00000379078	9606.ENSP00000383042	0	0	0	0	0.175	0.525	0	0.988	0.995
EHMT2	EHMT1	9606.ENSP00000379078	9606.ENSP00000417980	0	0	0.075	0.925	0.131	0.836	0.900	0.979	0.999
EP300	HDAC7	9606.ENSP00000263253	9606.ENSP00000080059	0	0	0	0	0.049	0.328	0.500	0.836	0.940
EP300	SIRT1	9606.ENSP00000263253	9606.ENSP00000212015	0	0	0	0	0.138	0.698	0	0.902	0.972
EP300	HDAC10	9606.ENSP00000263253	9606.ENSP00000216271	0	0	0	0	0.044	0.090	0.500	0.445	0.726
EP300	KAT2A	9606.ENSP00000263253	9606.ENSP00000225916	0	0	0	0	0	0.095	0.900	0.941	0.994
EP300	HDAC5	9606.ENSP00000263253	9606.ENSP00000225983	0	0	0	0	0.049	0.090	0.500	0.636	0.821
EP300	SIRT2	9606.ENSP00000263253	9606.ENSP00000249396	0	0	0	0	0.049	0.643	0	0.749	0.907
EP300	CREBBP	9606.ENSP00000263253	9606.ENSP00000262367	0	0	0.062	0.956	0.839	0.782	0.900	0.983	0.999
EP300	TOP2B	9606.ENSP00000263253	9606.ENSP00000264331	0	0	0	0	0.154	0.133	0	0.259	0.410
EP300	EHMT1	9606.ENSP00000263253	9606.ENSP00000417980	0	0	0	0	0.126	0.091	0	0.369	0.455
EP300	JAK2	9606.ENSP00000263253	9606.ENSP00000371067	0	0	0	0	0.087	0.047	0	0.424	0.456
EP300	JAK1	9606.ENSP00000263253	9606.ENSP00000499900	0	0	0	0	0.138	0.047	0	0.391	0.456
EP300	SIRT3	9606.ENSP00000263253	9606.ENSP00000372191	0	0	0	0	0.042	0.088	0	0.486	0.511
EP300	BRD3	9606.ENSP00000263253	9606.ENSP00000305918	0	0	0	0.560	0.187	0.067	0	0.504	0.591
EP300	KDM4A	9606.ENSP00000263253	9606.ENSP00000361473	0	0	0	0	0.071	0	0	0.604	0.616
EP300	EED	9606.ENSP00000263253	9606.ENSP00000338186	0	0	0	0	0.049	0	0.500	0.290	0.632
EP300	BRD2	9606.ENSP00000263253	9606.ENSP00000378702	0	0	0	0.557	0.114	0.067	0.500	0.243	0.645
EP300	PLK1	9606.ENSP00000263253	9606.ENSP00000300093	0	0	0	0	0.074	0.079	0.500	0.284	0.654
EP300	SETD2	9606.ENSP00000263253	9606.ENSP00000386759	0	0	0	0	0.499	0.091	0	0.518	0.761
EP300	EHMT2	9606.ENSP00000263253	9606.ENSP00000379078	0	0	0	0	0.076	0.091	0	0.741	0.764
EP300	HDAC8	9606.ENSP00000263253	9606.ENSP00000362674	0	0	0	0	0	0.094	0.500	0.540	0.773
EP300	KMT2A	9606.ENSP00000263253	9606.ENSP00000436786	0	0	0	0	0.288	0.125	0.500	0.521	0.831
EP300	HDAC11	9606.ENSP00000263253	9606.ENSP00000295757	0	0	0	0	0	0.090	0.500	0.700	0.851
EP300	NCOR2	9606.ENSP00000263253	9606.ENSP00000384018	0	0	0	0	0.263	0.309	0.500	0.574	0.877
EP300	PARP1	9606.ENSP00000263253	9606.ENSP00000355759	0	0	0	0	0.076	0.786	0	0.447	0.881
EP300	HDAC4	9606.ENSP00000263253	9606.ENSP00000264606	0	0	0	0	0.060	0.090	0.500	0.767	0.887
EP300	KDM1A	9606.ENSP00000263253	9606.ENSP00000383042	0	0	0	0	0.049	0.292	0.500	0.738	0.899
EP300	BRD7	9606.ENSP00000263253	9606.ENSP00000378181	0	0	0	0.554	0.105	0.292	0.800	0.482	0.925
EP300	HDAC2	9606.ENSP00000263253	9606.ENSP00000430432	0	0	0	0	0.049	0.210	0.500	0.870	0.944
EP300	HDAC3	9606.ENSP00000263253	9606.ENSP00000302967	0	0	0	0	0.047	0.645	0.500	0.783	0.958
EP300	HDAC9	9606.ENSP00000263253	9606.ENSP00000408617	0	0	0	0	0	0.090	0.500	0.928	0.964
EP300	BRD4	9606.ENSP00000263253	9606.ENSP00000263377	0	0	0	0.549	0.326	0.787	0	0.927	0.988
EP300	HDAC6	9606.ENSP00000263253	9606.ENSP00000365804	0	0	0	0	0.060	0.748	0.500	0.925	0.990
EP300	HDAC1	9606.ENSP00000263253	9606.ENSP00000362649	0	0	0	0	0.049	0.806	0.500	0.995	0.999
EP300	KAT2B	9606.ENSP00000263253	9606.ENSP00000263754	0	0	0	0	0.049	0.841	0.900	0.998	0.999
EP300	CARM1	9606.ENSP00000263253	9606.ENSP00000325690	0	0	0	0	0.060	0.842	0.800	0.980	0.999
HDAC1	HDAC7	9606.ENSP00000362649	9606.ENSP00000080059	0	0	0.192	0.618	0.058	0.474	0.400	0.600	0.886
HDAC1	SIRT1	9606.ENSP00000362649	9606.ENSP00000212015	0	0	0	0	0	0.528	0	0.987	0.993
HDAC1	HDAC10	9606.ENSP00000362649	9606.ENSP00000216271	0	0	0.204	0.598	0.049	0.288	0	0.401	0.634
HDAC1	KAT2A	9606.ENSP00000362649	9606.ENSP00000225916	0	0	0	0	0.084	0.183	0.500	0.939	0.974
HDAC1	HDAC5	9606.ENSP00000362649	9606.ENSP00000225983	0	0	0.180	0.610	0.049	0.474	0.400	0.373	0.818
HDAC1	SIRT2	9606.ENSP00000362649	9606.ENSP00000249396	0	0	0	0	0	0.137	0	0.843	0.859
HDAC1	CREBBP	9606.ENSP00000362649	9606.ENSP00000262367	0	0	0	0	0.099	0.537	0.500	0.833	0.960
HDAC1	EP300	9606.ENSP00000362649	9606.ENSP00000263253	0	0	0	0	0.049	0.806	0.500	0.995	0.999
HDAC1	BRD4	9606.ENSP00000362649	9606.ENSP00000263377	0	0	0	0	0.098	0.791	0	0.775	0.954
HDAC1	KAT2B	9606.ENSP00000362649	9606.ENSP00000263754	0	0	0	0	0.063	0.183	0.500	0.946	0.976
HDAC1	TOP2B	9606.ENSP00000362649	9606.ENSP00000264331	0	0	0	0	0.150	0.511	0	0.296	0.682
HDAC1	HDAC4	9606.ENSP00000362649	9606.ENSP00000264606	0	0	0.174	0.612	0.049	0.288	0	0.655	0.781
HDAC1	HDAC11	9606.ENSP00000362649	9606.ENSP00000295757	0	0	0.122	0.615	0	0	0	0.469	0.514
HDAC1	HDAC3	9606.ENSP00000362649	9606.ENSP00000302967	0	0	0.059	0.963	0.262	0	0.900	0.058	0.925
HDAC1	BRD3	9606.ENSP00000362649	9606.ENSP00000305918	0	0	0	0	0.099	0.071	0	0.397	0.452
HDAC1	CARM1	9606.ENSP00000362649	9606.ENSP00000325690	0	0	0	0	0.084	0.046	0	0.416	0.445
HDAC1	MEN1	9606.ENSP00000362649	9606.ENSP00000337088	0	0	0	0	0.104	0.292	0.500	0.227	0.722
HDAC1	EED	9606.ENSP00000362649	9606.ENSP00000338186	0	0	0	0	0.118	0.763	0.500	0.598	0.952
HDAC1	TOP1	9606.ENSP00000362649	9606.ENSP00000354522	0	0	0	0	0.107	0.140	0	0.532	0.609
HDAC1	PARP1	9606.ENSP00000362649	9606.ENSP00000355759	0	0	0	0	0.124	0.647	0	0.701	0.900
HDAC1	KDM4A	9606.ENSP00000362649	9606.ENSP00000361473	0	0	0	0	0.049	0.292	0	0.669	0.758
HDAC1	BRD2	9606.ENSP00000362649	9606.ENSP00000378702	0	0	0	0	0.082	0.071	0	0.452	0.492
HDAC1	BAZ2B	9606.ENSP00000362649	9606.ENSP00000376534	0	0	0	0	0.049	0.053	0	0.492	0.503
HDAC1	TYK2	9606.ENSP00000362649	9606.ENSP00000431885	0	0	0	0	0.135	0.068	0	0.489	0.553
HDAC1	BRD7	9606.ENSP00000362649	9606.ENSP00000378181	0	0	0	0	0.098	0	0.400	0.253	0.561
HDAC1	JAK2	9606.ENSP00000362649	9606.ENSP00000371067	0	0	0	0	0.055	0.068	0	0.594	0.611
HDAC1	SIRT3	9606.ENSP00000362649	9606.ENSP00000372191	0	0	0	0	0.042	0.137	0	0.579	0.621
HDAC1	SETD2	9606.ENSP00000362649	9606.ENSP00000386759	0.042	0	0	0	0.085	0.203	0	0.587	0.673
HDAC1	HDAC6	9606.ENSP00000362649	9606.ENSP00000365804	0	0	0.140	0.611	0.049	0.288	0	0.598	0.735
HDAC1	TOP2A	9606.ENSP00000362649	9606.ENSP00000411532	0	0	0	0	0.107	0.511	0	0.598	0.809
HDAC1	KMT2A	9606.ENSP00000362649	9606.ENSP00000436786	0.042	0	0	0	0.072	0.420	0.500	0.373	0.809
HDAC1	EHMT1	9606.ENSP00000362649	9606.ENSP00000417980	0.042	0	0	0	0.085	0.473	0	0.889	0.942
HDAC1	HDAC9	9606.ENSP00000362649	9606.ENSP00000408617	0	0	0.169	0.613	0	0.721	0	0.928	0.982
HDAC1	EHMT2	9606.ENSP00000362649	9606.ENSP00000379078	0.042	0	0	0	0.083	0.662	0.500	0.996	0.999
HDAC1	KDM1A	9606.ENSP00000362649	9606.ENSP00000383042	0	0	0	0	0.176	0.942	0.400	0.998	0.999
HDAC1	NCOR2	9606.ENSP00000362649	9606.ENSP00000384018	0	0	0	0	0.049	0.701	0.800	0.995	0.999
HDAC1	HDAC2	9606.ENSP00000362649	9606.ENSP00000430432	0	0	0.049	0.983	0.101	0.994	0.900	0.982	0.999
HDAC10	HDAC7	9606.ENSP00000216271	9606.ENSP00000080059	0	0	0.180	0.710	0.101	0	0	0.538	0.629
HDAC10	SIRT1	9606.ENSP00000216271	9606.ENSP00000212015	0	0	0	0	0	0.137	0	0.675	0.708
HDAC10	EHMT2	9606.ENSP00000216271	9606.ENSP00000379078	0.042	0	0	0	0.112	0.127	0	0.287	0.400
HDAC10	KDM1A	9606.ENSP00000216271	9606.ENSP00000383042	0	0	0	0	0.055	0.153	0	0.345	0.430
HDAC10	HDAC4	9606.ENSP00000216271	9606.ENSP00000264606	0	0	0.167	0.717	0.060	0	0	0.472	0.551
HDAC10	HDAC9	9606.ENSP00000216271	9606.ENSP00000408617	0	0	0.166	0.718	0	0	0	0.511	0.575
HDAC10	SIRT3	9606.ENSP00000216271	9606.ENSP00000372191	0	0	0	0	0.074	0.137	0	0.541	0.601
HDAC10	HDAC11	9606.ENSP00000216271	9606.ENSP00000295757	0	0	0.122	0.603	0.072	0.045	0	0.574	0.625
HDAC10	HDAC1	9606.ENSP00000216271	9606.ENSP00000362649	0	0	0.204	0.598	0.049	0.288	0	0.401	0.634
HDAC10	HDAC8	9606.ENSP00000216271	9606.ENSP00000362674	0	0	0.202	0.627	0.049	0.288	0	0.413	0.640
HDAC10	HDAC3	9606.ENSP00000216271	9606.ENSP00000302967	0	0	0.210	0.589	0.049	0.474	0	0.252	0.665
HDAC10	CREBBP	9606.ENSP00000216271	9606.ENSP00000262367	0	0	0	0	0	0.090	0.500	0.339	0.673
HDAC10	SIRT2	9606.ENSP00000216271	9606.ENSP00000249396	0	0	0	0	0.072	0.137	0	0.636	0.683
HDAC10	EP300	9606.ENSP00000216271	9606.ENSP00000263253	0	0	0	0	0.044	0.090	0.500	0.445	0.726
HDAC10	KAT2B	9606.ENSP00000216271	9606.ENSP00000263754	0	0	0	0	0.054	0.157	0.500	0.536	0.790
HDAC10	HDAC2	9606.ENSP00000216271	9606.ENSP00000430432	0	0	0.207	0.593	0	0.474	0	0.633	0.834
HDAC10	KAT2A	9606.ENSP00000216271	9606.ENSP00000225916	0	0	0	0	0.116	0.157	0.500	0.658	0.855
HDAC10	NCOR2	9606.ENSP00000216271	9606.ENSP00000384018	0	0	0	0	0.084	0.572	0.500	0.842	0.965
HDAC11	HDAC7	9606.ENSP00000295757	9606.ENSP00000080059	0	0	0.132	0.587	0.049	0.045	0	0.427	0.489
HDAC11	SIRT1	9606.ENSP00000295757	9606.ENSP00000212015	0	0	0	0	0	0.137	0	0.839	0.855
HDAC11	HDAC10	9606.ENSP00000295757	9606.ENSP00000216271	0	0	0.122	0.603	0.072	0.045	0	0.574	0.625
HDAC11	KAT2A	9606.ENSP00000295757	9606.ENSP00000225916	0	0	0	0	0.079	0.134	0.500	0.601	0.820
HDAC11	HDAC5	9606.ENSP00000295757	9606.ENSP00000225983	0	0	0.110	0.594	0.067	0.045	0	0.371	0.435
HDAC11	SIRT2	9606.ENSP00000295757	9606.ENSP00000249396	0	0	0	0	0.055	0.137	0	0.720	0.752
HDAC11	CREBBP	9606.ENSP00000295757	9606.ENSP00000262367	0	0	0	0	0	0.090	0.500	0.518	0.761
HDAC11	EP300	9606.ENSP00000295757	9606.ENSP00000263253	0	0	0	0	0	0.090	0.500	0.700	0.851
HDAC11	KAT2B	9606.ENSP00000295757	9606.ENSP00000263754	0	0	0	0	0.054	0.134	0.500	0.721	0.870
HDAC11	HDAC4	9606.ENSP00000295757	9606.ENSP00000264606	0	0	0.117	0.583	0.049	0.045	0	0.584	0.622
HDAC11	HDAC9	9606.ENSP00000295757	9606.ENSP00000408617	0	0	0	0.600	0	0.045	0	0.421	0.424
HDAC11	HDAC3	9606.ENSP00000295757	9606.ENSP00000302967	0	0	0.128	0.603	0.049	0	0	0.378	0.439
HDAC11	HDAC2	9606.ENSP00000295757	9606.ENSP00000430432	0	0	0.118	0.616	0	0	0	0.443	0.489
HDAC11	HDAC1	9606.ENSP00000295757	9606.ENSP00000362649	0	0	0.122	0.615	0	0	0	0.469	0.514
HDAC11	EHMT2	9606.ENSP00000295757	9606.ENSP00000379078	0.042	0	0	0	0.060	0.127	0	0.456	0.515
HDAC11	HDAC8	9606.ENSP00000295757	9606.ENSP00000362674	0	0	0.143	0.617	0.049	0	0	0.457	0.520
HDAC11	KDM1A	9606.ENSP00000295757	9606.ENSP00000383042	0	0	0	0	0.055	0.228	0	0.433	0.550
HDAC11	SIRT3	9606.ENSP00000295757	9606.ENSP00000372191	0	0	0	0	0.210	0.137	0	0.577	0.686
HDAC11	BRD2	9606.ENSP00000295757	9606.ENSP00000378702	0	0	0	0	0.048	0.071	0	0.724	0.735
HDAC11	NCOR2	9606.ENSP00000295757	9606.ENSP00000384018	0	0	0	0	0.059	0.163	0.500	0.622	0.831
HDAC11	HDAC6	9606.ENSP00000295757	9606.ENSP00000365804	0	0	0	0.629	0	0.301	0	0.850	0.891
HDAC2	HDAC7	9606.ENSP00000430432	9606.ENSP00000080059	0	0	0.198	0.611	0.049	0.501	0.400	0.392	0.836
HDAC2	SIRT1	9606.ENSP00000430432	9606.ENSP00000212015	0	0	0	0	0.074	0.372	0	0.839	0.898
HDAC2	HDAC10	9606.ENSP00000430432	9606.ENSP00000216271	0	0	0.207	0.593	0	0.474	0	0.633	0.834
HDAC2	KAT2A	9606.ENSP00000430432	9606.ENSP00000225916	0	0	0	0	0.063	0.183	0.500	0.880	0.948
HDAC2	HDAC5	9606.ENSP00000430432	9606.ENSP00000225983	0	0	0.179	0.609	0	0.288	0.400	0.374	0.751
HDAC2	SIRT2	9606.ENSP00000430432	9606.ENSP00000249396	0	0	0	0	0	0.137	0	0.822	0.840
HDAC2	CREBBP	9606.ENSP00000430432	9606.ENSP00000262367	0	0	0	0	0.057	0.537	0.500	0.735	0.934
HDAC2	EP300	9606.ENSP00000430432	9606.ENSP00000263253	0	0	0	0	0.049	0.210	0.500	0.870	0.944
HDAC2	BRD4	9606.ENSP00000430432	9606.ENSP00000263377	0	0	0	0	0.081	0.525	0	0.482	0.754
HDAC2	KAT2B	9606.ENSP00000430432	9606.ENSP00000263754	0	0	0	0	0.063	0.183	0.500	0.885	0.950
HDAC2	TOP2B	9606.ENSP00000430432	9606.ENSP00000264331	0	0	0	0	0.163	0.294	0	0.520	0.692
HDAC2	HDAC4	9606.ENSP00000430432	9606.ENSP00000264606	0	0	0.170	0.611	0.044	0.288	0	0.730	0.827
HDAC2	HDAC11	9606.ENSP00000430432	9606.ENSP00000295757	0	0	0.118	0.616	0	0	0	0.443	0.489
HDAC2	HDAC3	9606.ENSP00000430432	9606.ENSP00000302967	0	0	0.059	0.963	0.067	0	0.900	0.056	0.906
HDAC2	BRD3	9606.ENSP00000430432	9606.ENSP00000305918	0	0	0	0	0.076	0.071	0	0.361	0.404
HDAC2	MEN1	9606.ENSP00000430432	9606.ENSP00000337088	0	0	0	0	0.089	0.292	0	0.151	0.404
HDAC2	EED	9606.ENSP00000430432	9606.ENSP00000338186	0	0	0	0	0.100	0.717	0.900	0.609	0.988
HDAC2	PARP1	9606.ENSP00000430432	9606.ENSP00000355759	0	0	0	0	0.154	0.598	0	0.681	0.882
HDAC2	KDM4A	9606.ENSP00000430432	9606.ENSP00000361473	0	0	0	0	0	0	0	0.411	0.411
HDAC2	HDAC1	9606.ENSP00000430432	9606.ENSP00000362649	0	0	0.049	0.983	0.101	0.994	0.900	0.982	0.999
HDAC2	HDAC8	9606.ENSP00000430432	9606.ENSP00000362674	0	0	0.082	0.915	0.049	0	0	0.390	0.421
HDAC2	HDAC6	9606.ENSP00000430432	9606.ENSP00000365804	0	0	0.136	0.611	0.049	0.288	0	0.609	0.741
HDAC2	SIRT3	9606.ENSP00000430432	9606.ENSP00000372191	0	0	0	0	0.044	0.137	0	0.541	0.588
HDAC2	BRD7	9606.ENSP00000430432	9606.ENSP00000378181	0	0	0	0	0.151	0	0.400	0.395	0.665
HDAC2	BRD2	9606.ENSP00000430432	9606.ENSP00000378702	0	0	0	0	0.067	0.071	0	0.428	0.462
HDAC2	EHMT2	9606.ENSP00000430432	9606.ENSP00000379078	0.042	0	0	0	0.082	0.644	0.500	0.902	0.982
HDAC2	KDM1A	9606.ENSP00000430432	9606.ENSP00000383042	0	0	0	0	0.133	0.941	0.400	0.997	0.999
HDAC2	NCOR2	9606.ENSP00000430432	9606.ENSP00000384018	0	0	0	0	0.044	0.643	0.800	0.920	0.993
HDAC2	SETD2	9606.ENSP00000430432	9606.ENSP00000386759	0.042	0	0	0	0.075	0.203	0	0.586	0.668
HDAC2	HDAC9	9606.ENSP00000430432	9606.ENSP00000408617	0	0	0.169	0.615	0	0.288	0	0.397	0.612
HDAC2	TOP2A	9606.ENSP00000430432	9606.ENSP00000411532	0	0	0	0	0.110	0.294	0	0.285	0.512
HDAC2	EHMT1	9606.ENSP00000430432	9606.ENSP00000417980	0.042	0	0	0	0.076	0.473	0	0.721	0.852
HDAC2	KMT2A	9606.ENSP00000430432	9606.ENSP00000436786	0.042	0	0	0	0.074	0.218	0	0.323	0.469
HDAC3	HDAC7	9606.ENSP00000302967	9606.ENSP00000080059	0	0	0.199	0.601	0.060	0.507	0.400	0.254	0.804
HDAC3	SIRT1	9606.ENSP00000302967	9606.ENSP00000212015	0	0	0	0	0.049	0.262	0	0.782	0.834
HDAC3	HDAC10	9606.ENSP00000302967	9606.ENSP00000216271	0	0	0.210	0.589	0.049	0.474	0	0.252	0.665
HDAC3	KAT2A	9606.ENSP00000302967	9606.ENSP00000225916	0	0	0	0	0.067	0.183	0.500	0.667	0.856
HDAC3	HDAC5	9606.ENSP00000302967	9606.ENSP00000225983	0	0	0.177	0.606	0.060	0.840	0.400	0.319	0.940
HDAC3	SIRT2	9606.ENSP00000302967	9606.ENSP00000249396	0	0	0	0	0.043	0.137	0	0.813	0.832
HDAC3	CREBBP	9606.ENSP00000302967	9606.ENSP00000262367	0	0	0	0	0.058	0.331	0.500	0.644	0.873
HDAC3	EP300	9606.ENSP00000302967	9606.ENSP00000263253	0	0	0	0	0.047	0.645	0.500	0.783	0.958
HDAC3	BRD4	9606.ENSP00000302967	9606.ENSP00000263377	0	0	0	0	0.075	0.314	0	0.252	0.484
HDAC3	KAT2B	9606.ENSP00000302967	9606.ENSP00000263754	0	0	0	0	0.060	0.396	0.500	0.653	0.888
HDAC3	HDAC4	9606.ENSP00000302967	9606.ENSP00000264606	0	0	0.175	0.603	0.049	0.877	0	0.308	0.924
HDAC3	HDAC11	9606.ENSP00000302967	9606.ENSP00000295757	0	0	0.128	0.603	0.049	0	0	0.378	0.439
HDAC3	EHMT2	9606.ENSP00000302967	9606.ENSP00000379078	0.042	0	0	0	0.067	0.127	0	0.360	0.435
HDAC3	SIRT3	9606.ENSP00000302967	9606.ENSP00000372191	0	0	0	0	0.060	0.137	0	0.362	0.437
HDAC3	KDM4A	9606.ENSP00000302967	9606.ENSP00000361473	0	0	0	0	0.049	0.292	0	0.258	0.457
HDAC3	PARP1	9606.ENSP00000302967	9606.ENSP00000355759	0	0	0	0	0.106	0.294	0	0.228	0.471
HDAC3	MEN1	9606.ENSP00000302967	9606.ENSP00000337088	0	0	0	0	0.143	0	0	0.437	0.497
HDAC3	HDAC6	9606.ENSP00000302967	9606.ENSP00000365804	0	0	0.131	0.597	0.049	0.288	0	0.347	0.565
HDAC3	CARM1	9606.ENSP00000302967	9606.ENSP00000325690	0	0	0	0	0.084	0.046	0.500	0.176	0.592
HDAC3	SETD2	9606.ENSP00000302967	9606.ENSP00000386759	0.042	0	0	0	0.085	0.203	0	0.588	0.674
HDAC3	EED	9606.ENSP00000302967	9606.ENSP00000338186	0	0	0	0	0.075	0.288	0.500	0.203	0.702
HDAC3	HDAC9	9606.ENSP00000302967	9606.ENSP00000408617	0	0	0.174	0.602	0	0.636	0	0.264	0.759
HDAC3	KDM1A	9606.ENSP00000302967	9606.ENSP00000383042	0	0	0	0	0.135	0.720	0.400	0.395	0.900
HDAC3	HDAC2	9606.ENSP00000302967	9606.ENSP00000430432	0	0	0.059	0.963	0.067	0	0.900	0.056	0.906
HDAC3	HDAC1	9606.ENSP00000302967	9606.ENSP00000362649	0	0	0.059	0.963	0.262	0	0.900	0.058	0.925
HDAC3	NCOR2	9606.ENSP00000302967	9606.ENSP00000384018	0	0	0	0	0.049	0.992	0.800	0.995	0.999
HDAC4	HDAC7	9606.ENSP00000264606	9606.ENSP00000080059	0	0	0.079	0.920	0.095	0.292	0	0.438	0.624
HDAC4	SIRT1	9606.ENSP00000264606	9606.ENSP00000212015	0	0	0	0	0.067	0.559	0	0.776	0.900
HDAC4	HDAC10	9606.ENSP00000264606	9606.ENSP00000216271	0	0	0.167	0.717	0.060	0	0	0.472	0.551
HDAC4	KAT2A	9606.ENSP00000264606	9606.ENSP00000225916	0	0	0	0	0.054	0.157	0.500	0.546	0.795
HDAC4	HDAC5	9606.ENSP00000264606	9606.ENSP00000225983	0	0	0.062	0.955	0.082	0.510	0.900	0.471	0.973
HDAC4	SIRT2	9606.ENSP00000264606	9606.ENSP00000249396	0	0	0	0	0	0.137	0	0.671	0.704
HDAC4	CREBBP	9606.ENSP00000264606	9606.ENSP00000262367	0	0	0	0	0.085	0.090	0.500	0.460	0.745
HDAC4	EP300	9606.ENSP00000264606	9606.ENSP00000263253	0	0	0	0	0.060	0.090	0.500	0.767	0.887
HDAC4	BRD4	9606.ENSP00000264606	9606.ENSP00000263377	0	0	0	0	0.053	0.071	0	0.534	0.554
HDAC4	KAT2B	9606.ENSP00000264606	9606.ENSP00000263754	0	0	0	0	0.079	0.157	0.500	0.768	0.898
HDAC4	EED	9606.ENSP00000264606	9606.ENSP00000338186	0	0	0	0	0.090	0.176	0	0.266	0.402
HDAC4	PARP1	9606.ENSP00000264606	9606.ENSP00000355759	0	0	0	0	0.069	0.136	0	0.340	0.424
HDAC4	EHMT1	9606.ENSP00000264606	9606.ENSP00000417980	0.042	0	0	0	0.067	0.127	0	0.356	0.431
HDAC4	EHMT2	9606.ENSP00000264606	9606.ENSP00000379078	0.042	0	0	0	0.060	0.127	0	0.460	0.519
HDAC4	KMT2A	9606.ENSP00000264606	9606.ENSP00000436786	0.042	0	0	0	0.067	0.127	0	0.499	0.557
HDAC4	SIRT3	9606.ENSP00000264606	9606.ENSP00000372191	0	0	0	0	0.049	0.137	0	0.545	0.594
HDAC4	HDAC8	9606.ENSP00000264606	9606.ENSP00000362674	0	0	0.181	0.654	0.049	0.288	0	0.394	0.619
HDAC4	HDAC11	9606.ENSP00000264606	9606.ENSP00000295757	0	0	0.117	0.583	0.049	0.045	0	0.584	0.622
HDAC4	HDAC6	9606.ENSP00000264606	9606.ENSP00000365804	0	0	0.159	0.664	0.060	0.048	0	0.579	0.641
HDAC4	BRD2	9606.ENSP00000264606	9606.ENSP00000378702	0	0	0	0	0.053	0.071	0.500	0.333	0.667
HDAC4	KDM1A	9606.ENSP00000264606	9606.ENSP00000383042	0	0	0	0	0.062	0.153	0	0.660	0.707
HDAC4	HDAC9	9606.ENSP00000264606	9606.ENSP00000408617	0	0	0.064	0.951	0	0.292	0	0.604	0.715
HDAC4	HDAC1	9606.ENSP00000264606	9606.ENSP00000362649	0	0	0.174	0.612	0.049	0.288	0	0.655	0.781
HDAC4	HDAC2	9606.ENSP00000264606	9606.ENSP00000430432	0	0	0.170	0.611	0.044	0.288	0	0.730	0.827
HDAC4	HDAC3	9606.ENSP00000264606	9606.ENSP00000302967	0	0	0.175	0.603	0.049	0.877	0	0.308	0.924
HDAC4	NCOR2	9606.ENSP00000264606	9606.ENSP00000384018	0	0	0	0	0.077	0.978	0.500	0.931	0.999
HDAC5	HDAC7	9606.ENSP00000225983	9606.ENSP00000080059	0	0	0.093	0.891	0.067	0.292	0.400	0.129	0.629
HDAC5	SIRT1	9606.ENSP00000225983	9606.ENSP00000212015	0	0	0	0	0	0.137	0	0.584	0.625
HDAC5	KAT2A	9606.ENSP00000225983	9606.ENSP00000225916	0	0	0	0	0.072	0.157	0.500	0.389	0.729
HDAC5	HDAC9	9606.ENSP00000225983	9606.ENSP00000408617	0	0	0.063	0.954	0	0	0	0.394	0.408
HDAC5	HDAC11	9606.ENSP00000225983	9606.ENSP00000295757	0	0	0.110	0.594	0.067	0.045	0	0.371	0.435
HDAC5	PARP1	9606.ENSP00000225983	9606.ENSP00000355759	0	0	0	0	0.067	0.299	0	0.213	0.441
HDAC5	HDAC6	9606.ENSP00000225983	9606.ENSP00000365804	0	0	0.167	0.644	0.095	0.051	0	0.333	0.459
HDAC5	SIRT3	9606.ENSP00000225983	9606.ENSP00000372191	0	0	0	0	0.090	0.137	0	0.392	0.481
HDAC5	EHMT2	9606.ENSP00000225983	9606.ENSP00000379078	0.042	0	0	0	0.090	0.127	0	0.438	0.515
HDAC5	SIRT2	9606.ENSP00000225983	9606.ENSP00000249396	0	0	0	0	0.067	0.137	0	0.470	0.536
HDAC5	HDAC8	9606.ENSP00000225983	9606.ENSP00000362674	0	0	0.187	0.631	0.049	0.288	0	0.342	0.589
HDAC5	EED	9606.ENSP00000225983	9606.ENSP00000338186	0	0	0	0	0.083	0.176	0.500	0.148	0.635
HDAC5	HDAC2	9606.ENSP00000225983	9606.ENSP00000430432	0	0	0.179	0.609	0	0.288	0.400	0.374	0.751
HDAC5	KDM1A	9606.ENSP00000225983	9606.ENSP00000383042	0	0	0	0	0.062	0.374	0.400	0.446	0.779
HDAC5	CREBBP	9606.ENSP00000225983	9606.ENSP00000262367	0	0	0	0	0.060	0.090	0.500	0.613	0.812
HDAC5	HDAC1	9606.ENSP00000225983	9606.ENSP00000362649	0	0	0.180	0.610	0.049	0.474	0.400	0.373	0.818
HDAC5	EP300	9606.ENSP00000225983	9606.ENSP00000263253	0	0	0	0	0.049	0.090	0.500	0.636	0.821
HDAC5	KAT2B	9606.ENSP00000225983	9606.ENSP00000263754	0	0	0	0	0.061	0.157	0.500	0.610	0.825
HDAC5	HDAC3	9606.ENSP00000225983	9606.ENSP00000302967	0	0	0.177	0.606	0.060	0.840	0.400	0.319	0.940
HDAC5	NCOR2	9606.ENSP00000225983	9606.ENSP00000384018	0	0	0	0	0.084	0.572	0.500	0.751	0.944
HDAC5	HDAC4	9606.ENSP00000225983	9606.ENSP00000264606	0	0	0.062	0.955	0.082	0.510	0.900	0.471	0.973
HDAC6	HDAC7	9606.ENSP00000365804	9606.ENSP00000080059	0	0	0.167	0.669	0.049	0	0	0.525	0.591
HDAC6	SIRT1	9606.ENSP00000365804	9606.ENSP00000212015	0	0	0	0	0	0.137	0	0.758	0.782
HDAC6	KAT2A	9606.ENSP00000365804	9606.ENSP00000225916	0	0	0	0	0.069	0.157	0.500	0.546	0.798
HDAC6	HDAC5	9606.ENSP00000365804	9606.ENSP00000225983	0	0	0.167	0.644	0.095	0.051	0	0.333	0.459
HDAC6	SIRT2	9606.ENSP00000365804	9606.ENSP00000249396	0	0	0	0	0.042	0.559	0	0.872	0.941
HDAC6	CREBBP	9606.ENSP00000365804	9606.ENSP00000262367	0	0	0	0	0.049	0.090	0.500	0.475	0.742
HDAC6	EP300	9606.ENSP00000365804	9606.ENSP00000263253	0	0	0	0	0.060	0.748	0.500	0.925	0.990
HDAC6	BRD4	9606.ENSP00000365804	9606.ENSP00000263377	0	0	0	0	0.055	0.071	0	0.424	0.451
HDAC6	KAT2B	9606.ENSP00000365804	9606.ENSP00000263754	0	0	0	0	0.054	0.157	0.500	0.571	0.806
HDAC6	HDAC4	9606.ENSP00000365804	9606.ENSP00000264606	0	0	0.159	0.664	0.060	0.048	0	0.579	0.641
HDAC6	HDAC11	9606.ENSP00000365804	9606.ENSP00000295757	0	0	0	0.629	0	0.301	0	0.850	0.891
HDAC6	PLK1	9606.ENSP00000365804	9606.ENSP00000300093	0	0	0	0	0.042	0.292	0	0.376	0.539
HDAC6	HDAC3	9606.ENSP00000365804	9606.ENSP00000302967	0	0	0.131	0.597	0.049	0.288	0	0.347	0.565
HDAC6	PARP1	9606.ENSP00000365804	9606.ENSP00000355759	0	0	0	0	0.085	0.045	0	0.444	0.472
HDAC6	HDAC1	9606.ENSP00000365804	9606.ENSP00000362649	0	0	0.140	0.611	0.049	0.288	0	0.598	0.735
HDAC6	HDAC8	9606.ENSP00000365804	9606.ENSP00000362674	0	0	0.129	0.656	0.164	0.288	0	0.419	0.658
HDAC6	SETD2	9606.ENSP00000365804	9606.ENSP00000386759	0.042	0	0	0	0.067	0.127	0	0.328	0.406
HDAC6	BRD2	9606.ENSP00000365804	9606.ENSP00000378702	0	0	0	0	0.056	0.071	0	0.386	0.415
HDAC6	EHMT2	9606.ENSP00000365804	9606.ENSP00000379078	0.042	0	0	0	0.083	0.127	0	0.376	0.458
HDAC6	JAK2	9606.ENSP00000365804	9606.ENSP00000371067	0	0	0	0	0.060	0.311	0	0.308	0.513
HDAC6	KDM1A	9606.ENSP00000365804	9606.ENSP00000383042	0	0	0	0	0.062	0.228	0	0.476	0.588
HDAC6	SIRT3	9606.ENSP00000365804	9606.ENSP00000372191	0	0	0	0	0.049	0.137	0	0.574	0.620
HDAC6	HDAC9	9606.ENSP00000365804	9606.ENSP00000408617	0	0	0.144	0.654	0	0.299	0	0.564	0.715
HDAC6	HDAC2	9606.ENSP00000365804	9606.ENSP00000430432	0	0	0.136	0.611	0.049	0.288	0	0.609	0.741
HDAC6	NCOR2	9606.ENSP00000365804	9606.ENSP00000384018	0	0	0	0	0.060	0.163	0.500	0.506	0.779
HDAC7	HDAC9	9606.ENSP00000080059	9606.ENSP00000408617	0	0	0.095	0.880	0	0	0	0.398	0.432
HDAC7	EHMT2	9606.ENSP00000080059	9606.ENSP00000379078	0.042	0	0	0	0.074	0.127	0	0.375	0.451
HDAC7	HDAC11	9606.ENSP00000080059	9606.ENSP00000295757	0	0	0.132	0.587	0.049	0.045	0	0.427	0.489
HDAC7	SIRT3	9606.ENSP00000080059	9606.ENSP00000372191	0	0	0	0	0.049	0.137	0	0.494	0.548
HDAC7	HDAC6	9606.ENSP00000080059	9606.ENSP00000365804	0	0	0.167	0.669	0.049	0	0	0.525	0.591
HDAC7	HDAC4	9606.ENSP00000080059	9606.ENSP00000264606	0	0	0.079	0.920	0.095	0.292	0	0.438	0.624
HDAC7	HDAC8	9606.ENSP00000080059	9606.ENSP00000362674	0	0	0.194	0.627	0	0.288	0	0.402	0.627
HDAC7	HDAC10	9606.ENSP00000080059	9606.ENSP00000216271	0	0	0.180	0.710	0.101	0	0	0.538	0.629
HDAC7	HDAC5	9606.ENSP00000080059	9606.ENSP00000225983	0	0	0.093	0.891	0.067	0.292	0.400	0.129	0.629
HDAC7	EED	9606.ENSP00000080059	9606.ENSP00000338186	0	0	0	0	0.088	0.176	0.500	0.149	0.638
HDAC7	SIRT2	9606.ENSP00000080059	9606.ENSP00000249396	0	0	0	0	0.049	0.137	0	0.600	0.643
HDAC7	KDM1A	9606.ENSP00000080059	9606.ENSP00000383042	0	0	0	0	0.067	0.153	0.400	0.381	0.667
HDAC7	CREBBP	9606.ENSP00000080059	9606.ENSP00000262367	0	0	0	0	0.056	0.090	0.500	0.410	0.712
HDAC7	KAT2A	9606.ENSP00000080059	9606.ENSP00000225916	0	0	0	0	0.084	0.157	0.500	0.453	0.761
HDAC7	KAT2B	9606.ENSP00000080059	9606.ENSP00000263754	0	0	0	0	0.054	0.157	0.500	0.478	0.764
HDAC7	SIRT1	9606.ENSP00000080059	9606.ENSP00000212015	0	0	0	0	0	0.137	0	0.780	0.802
HDAC7	HDAC3	9606.ENSP00000080059	9606.ENSP00000302967	0	0	0.199	0.601	0.060	0.507	0.400	0.254	0.804
HDAC7	HDAC2	9606.ENSP00000080059	9606.ENSP00000430432	0	0	0.198	0.611	0.049	0.501	0.400	0.392	0.836
HDAC7	HDAC1	9606.ENSP00000080059	9606.ENSP00000362649	0	0	0.192	0.618	0.058	0.474	0.400	0.600	0.886
HDAC7	NCOR2	9606.ENSP00000080059	9606.ENSP00000384018	0	0	0	0	0.097	0.627	0.500	0.636	0.930
HDAC7	EP300	9606.ENSP00000080059	9606.ENSP00000263253	0	0	0	0	0.049	0.328	0.500	0.836	0.940
HDAC8	HDAC7	9606.ENSP00000362674	9606.ENSP00000080059	0	0	0.194	0.627	0	0.288	0	0.402	0.627
HDAC8	SIRT1	9606.ENSP00000362674	9606.ENSP00000212015	0	0	0	0	0	0.262	0	0.855	0.888
HDAC8	HDAC10	9606.ENSP00000362674	9606.ENSP00000216271	0	0	0.202	0.627	0.049	0.288	0	0.413	0.640
HDAC8	KAT2A	9606.ENSP00000362674	9606.ENSP00000225916	0	0	0	0	0.063	0.183	0.500	0.683	0.862
HDAC8	HDAC5	9606.ENSP00000362674	9606.ENSP00000225983	0	0	0.187	0.631	0.049	0.288	0	0.342	0.589
HDAC8	SIRT2	9606.ENSP00000362674	9606.ENSP00000249396	0	0	0	0	0	0.137	0	0.873	0.886
HDAC8	CREBBP	9606.ENSP00000362674	9606.ENSP00000262367	0	0	0	0	0	0.094	0.500	0.434	0.721
HDAC8	EP300	9606.ENSP00000362674	9606.ENSP00000263253	0	0	0	0	0	0.094	0.500	0.540	0.773
HDAC8	BRD4	9606.ENSP00000362674	9606.ENSP00000263377	0	0	0	0	0.060	0.071	0	0.414	0.444
HDAC8	KAT2B	9606.ENSP00000362674	9606.ENSP00000263754	0	0	0	0	0.063	0.183	0.500	0.677	0.860
HDAC8	HDAC4	9606.ENSP00000362674	9606.ENSP00000264606	0	0	0.181	0.654	0.049	0.288	0	0.394	0.619
HDAC8	HDAC11	9606.ENSP00000362674	9606.ENSP00000295757	0	0	0.143	0.617	0.049	0	0	0.457	0.520
HDAC8	EED	9606.ENSP00000362674	9606.ENSP00000338186	0	0	0	0	0.069	0.342	0	0.205	0.471
HDAC8	HDAC2	9606.ENSP00000362674	9606.ENSP00000430432	0	0	0.082	0.915	0.049	0	0	0.390	0.421
HDAC8	SIRT3	9606.ENSP00000362674	9606.ENSP00000372191	0	0	0	0	0.060	0.137	0	0.570	0.621
HDAC8	KDM1A	9606.ENSP00000362674	9606.ENSP00000383042	0	0	0	0	0.117	0.285	0	0.486	0.647
HDAC8	HDAC6	9606.ENSP00000362674	9606.ENSP00000365804	0	0	0.129	0.656	0.164	0.288	0	0.419	0.658
HDAC8	HDAC9	9606.ENSP00000362674	9606.ENSP00000408617	0	0	0.179	0.652	0	0.288	0	0.591	0.740
HDAC8	EHMT2	9606.ENSP00000362674	9606.ENSP00000379078	0.042	0	0	0	0.060	0.127	0	0.740	0.768
HDAC8	SETD2	9606.ENSP00000362674	9606.ENSP00000386759	0.042	0	0	0	0.067	0.203	0	0.752	0.800
HDAC8	NCOR2	9606.ENSP00000362674	9606.ENSP00000384018	0	0	0	0	0	0.236	0.500	0.717	0.882
HDAC9	HDAC7	9606.ENSP00000408617	9606.ENSP00000080059	0	0	0.095	0.880	0	0	0	0.398	0.432
HDAC9	SIRT1	9606.ENSP00000408617	9606.ENSP00000212015	0	0	0	0	0.042	0.137	0	0.799	0.819
HDAC9	HDAC10	9606.ENSP00000408617	9606.ENSP00000216271	0	0	0.166	0.718	0	0	0	0.511	0.575
HDAC9	KAT2A	9606.ENSP00000408617	9606.ENSP00000225916	0	0	0	0	0.054	0.157	0.500	0.506	0.776
HDAC9	HDAC5	9606.ENSP00000408617	9606.ENSP00000225983	0	0	0.063	0.954	0	0	0	0.394	0.408
HDAC9	SIRT2	9606.ENSP00000408617	9606.ENSP00000249396	0	0	0	0	0	0.137	0	0.634	0.670
HDAC9	CREBBP	9606.ENSP00000408617	9606.ENSP00000262367	0	0	0	0	0	0.090	0.500	0.644	0.824
HDAC9	EP300	9606.ENSP00000408617	9606.ENSP00000263253	0	0	0	0	0	0.090	0.500	0.928	0.964
HDAC9	KAT2B	9606.ENSP00000408617	9606.ENSP00000263754	0	0	0	0	0.056	0.157	0.500	0.545	0.795
HDAC9	HDAC4	9606.ENSP00000408617	9606.ENSP00000264606	0	0	0.064	0.951	0	0.292	0	0.604	0.715
HDAC9	HDAC11	9606.ENSP00000408617	9606.ENSP00000295757	0	0	0	0.600	0	0.045	0	0.421	0.424
HDAC9	HDAC3	9606.ENSP00000408617	9606.ENSP00000302967	0	0	0.174	0.602	0	0.636	0	0.264	0.759
HDAC9	CARM1	9606.ENSP00000408617	9606.ENSP00000325690	0	0	0	0	0	0.046	0	0.570	0.573
HDAC9	PARP1	9606.ENSP00000408617	9606.ENSP00000355759	0	0	0	0	0.068	0.299	0	0.280	0.489
HDAC9	HDAC1	9606.ENSP00000408617	9606.ENSP00000362649	0	0	0.169	0.613	0	0.721	0	0.928	0.982
HDAC9	HDAC8	9606.ENSP00000408617	9606.ENSP00000362674	0	0	0.179	0.652	0	0.288	0	0.591	0.740
HDAC9	HDAC6	9606.ENSP00000408617	9606.ENSP00000365804	0	0	0.144	0.654	0	0.299	0	0.564	0.715
HDAC9	SIRT3	9606.ENSP00000408617	9606.ENSP00000372191	0	0	0	0	0	0.137	0	0.542	0.588
HDAC9	EHMT2	9606.ENSP00000408617	9606.ENSP00000379078	0.042	0	0	0	0.060	0.127	0	0.443	0.503
HDAC9	KDM1A	9606.ENSP00000408617	9606.ENSP00000383042	0	0	0	0	0.055	0.153	0	0.443	0.515
HDAC9	NCOR2	9606.ENSP00000408617	9606.ENSP00000384018	0	0	0	0	0.059	0.163	0.500	0.812	0.916
HDAC9	SETD2	9606.ENSP00000408617	9606.ENSP00000386759	0.042	0	0	0	0.060	0.127	0	0.365	0.434
HDAC9	HDAC2	9606.ENSP00000408617	9606.ENSP00000430432	0	0	0.169	0.615	0	0.288	0	0.397	0.612
JAK1	SIRT1	9606.ENSP00000499900	9606.ENSP00000212015	0	0	0	0	0.047	0.292	0	0.271	0.465
JAK1	CREBBP	9606.ENSP00000499900	9606.ENSP00000262367	0	0	0	0	0.157	0.047	0	0.395	0.472
JAK1	EP300	9606.ENSP00000499900	9606.ENSP00000263253	0	0	0	0	0.138	0.047	0	0.391	0.456
JAK1	PARP1	9606.ENSP00000499900	9606.ENSP00000355759	0	0	0	0	0.042	0.053	0	0.401	0.409
JAK1	JAK2	9606.ENSP00000499900	9606.ENSP00000371067	0	0	0	0.908	0.113	0.510	0.900	0.982	0.999
JAK1	SETD2	9606.ENSP00000499900	9606.ENSP00000386759	0	0	0	0	0.097	0.077	0	0.370	0.429
JAK1	TYK2	9606.ENSP00000499900	9606.ENSP00000431885	0	0	0.070	0.923	0.049	0.292	0.900	0.983	0.998
JAK1	JAK3	9606.ENSP00000499900	9606.ENSP00000432511	0	0	0	0.888	0.057	0.510	0.900	0.983	0.999
JAK2	SIRT1	9606.ENSP00000371067	9606.ENSP00000212015	0	0	0	0	0.049	0	0	0.431	0.436
JAK2	CREBBP	9606.ENSP00000371067	9606.ENSP00000262367	0	0	0	0	0.082	0.047	0	0.423	0.451
JAK2	EP300	9606.ENSP00000371067	9606.ENSP00000263253	0	0	0	0	0.087	0.047	0	0.424	0.456
JAK2	KAT2B	9606.ENSP00000371067	9606.ENSP00000263754	0	0	0	0	0.329	0.052	0	0.164	0.422
JAK2	PARP1	9606.ENSP00000371067	9606.ENSP00000355759	0	0	0	0	0	0.053	0	0.487	0.493
JAK2	HDAC1	9606.ENSP00000371067	9606.ENSP00000362649	0	0	0	0	0.055	0.068	0	0.594	0.611
JAK2	HDAC6	9606.ENSP00000371067	9606.ENSP00000365804	0	0	0	0	0.060	0.311	0	0.308	0.513
JAK2	KMT2A	9606.ENSP00000371067	9606.ENSP00000436786	0	0	0	0	0.043	0.077	0	0.434	0.457
JAK2	SETD2	9606.ENSP00000371067	9606.ENSP00000386759	0	0	0	0	0.074	0.077	0	0.448	0.487
JAK2	JAK3	9606.ENSP00000371067	9606.ENSP00000432511	0	0	0.057	0.941	0.045	0.292	0.900	0.681	0.975
JAK2	TYK2	9606.ENSP00000371067	9606.ENSP00000431885	0	0	0.071	0.877	0.089	0.292	0.800	0.982	0.997
JAK2	JAK1	9606.ENSP00000371067	9606.ENSP00000499900	0	0	0	0.908	0.113	0.510	0.900	0.982	0.999
JAK3	CREBBP	9606.ENSP00000432511	9606.ENSP00000262367	0	0	0	0	0.075	0.047	0	0.393	0.419
JAK3	JAK2	9606.ENSP00000432511	9606.ENSP00000371067	0	0	0.057	0.941	0.045	0.292	0.900	0.681	0.975
JAK3	TYK2	9606.ENSP00000432511	9606.ENSP00000431885	0	0	0.066	0.866	0.085	0.292	0	0.864	0.906
JAK3	JAK1	9606.ENSP00000432511	9606.ENSP00000499900	0	0	0	0.888	0.057	0.510	0.900	0.983	0.999
KAT2A	HDAC7	9606.ENSP00000225916	9606.ENSP00000080059	0	0	0	0	0.084	0.157	0.500	0.453	0.761
KAT2A	SIRT1	9606.ENSP00000225916	9606.ENSP00000212015	0	0	0	0	0	0.540	0	0.882	0.943
KAT2A	HDAC10	9606.ENSP00000225916	9606.ENSP00000216271	0	0	0	0	0.116	0.157	0.500	0.658	0.855
KAT2A	KDM4A	9606.ENSP00000225916	9606.ENSP00000361473	0	0	0	0	0.060	0.071	0	0.396	0.427
KAT2A	BRD9	9606.ENSP00000225916	9606.ENSP00000419765	0	0	0	0	0.127	0	0	0.391	0.446
KAT2A	CARM1	9606.ENSP00000225916	9606.ENSP00000325690	0	0	0	0	0.140	0.078	0	0.370	0.457
KAT2A	BRD4	9606.ENSP00000225916	9606.ENSP00000263377	0	0	0	0.554	0.052	0.314	0	0.288	0.497
KAT2A	KDM1A	9606.ENSP00000225916	9606.ENSP00000383042	0	0	0	0	0.064	0	0	0.493	0.505
KAT2A	EHMT2	9606.ENSP00000225916	9606.ENSP00000379078	0	0	0	0	0.075	0.094	0	0.516	0.559
KAT2A	SIRT3	9606.ENSP00000225916	9606.ENSP00000372191	0	0	0	0	0.061	0.083	0	0.529	0.559
KAT2A	BRD2	9606.ENSP00000225916	9606.ENSP00000378702	0	0	0	0.554	0.091	0.071	0	0.563	0.599
KAT2A	SETD2	9606.ENSP00000225916	9606.ENSP00000386759	0	0	0	0	0	0.094	0	0.615	0.637
KAT2A	HDAC5	9606.ENSP00000225916	9606.ENSP00000225983	0	0	0	0	0.072	0.157	0.500	0.389	0.729
KAT2A	SIRT2	9606.ENSP00000225916	9606.ENSP00000249396	0	0	0	0	0	0.323	0	0.643	0.748
KAT2A	HDAC9	9606.ENSP00000225916	9606.ENSP00000408617	0	0	0	0	0.054	0.157	0.500	0.506	0.776
KAT2A	HDAC4	9606.ENSP00000225916	9606.ENSP00000264606	0	0	0	0	0.054	0.157	0.500	0.546	0.795
KAT2A	HDAC6	9606.ENSP00000225916	9606.ENSP00000365804	0	0	0	0	0.069	0.157	0.500	0.546	0.798
KAT2A	HDAC11	9606.ENSP00000225916	9606.ENSP00000295757	0	0	0	0	0.079	0.134	0.500	0.601	0.820
KAT2A	NCOR2	9606.ENSP00000225916	9606.ENSP00000384018	0	0	0	0	0.085	0.465	0.500	0.382	0.828
KAT2A	HDAC3	9606.ENSP00000225916	9606.ENSP00000302967	0	0	0	0	0.067	0.183	0.500	0.667	0.856
KAT2A	HDAC8	9606.ENSP00000225916	9606.ENSP00000362674	0	0	0	0	0.063	0.183	0.500	0.683	0.862
KAT2A	HDAC2	9606.ENSP00000225916	9606.ENSP00000430432	0	0	0	0	0.063	0.183	0.500	0.880	0.948
KAT2A	CREBBP	9606.ENSP00000225916	9606.ENSP00000262367	0	0	0	0	0	0.095	0.900	0.641	0.964
KAT2A	KAT2B	9606.ENSP00000225916	9606.ENSP00000263754	0	0	0.054	0.972	0	0.523	0.900	0.399	0.969
KAT2A	HDAC1	9606.ENSP00000225916	9606.ENSP00000362649	0	0	0	0	0.084	0.183	0.500	0.939	0.974
KAT2A	EP300	9606.ENSP00000225916	9606.ENSP00000263253	0	0	0	0	0	0.095	0.900	0.941	0.994
KAT2B	HDAC7	9606.ENSP00000263754	9606.ENSP00000080059	0	0	0	0	0.054	0.157	0.500	0.478	0.764
KAT2B	SIRT1	9606.ENSP00000263754	9606.ENSP00000212015	0	0	0	0	0.075	0.424	0	0.932	0.960
KAT2B	HDAC10	9606.ENSP00000263754	9606.ENSP00000216271	0	0	0	0	0.054	0.157	0.500	0.536	0.790
KAT2B	KAT2A	9606.ENSP00000263754	9606.ENSP00000225916	0	0	0.054	0.972	0	0.523	0.900	0.399	0.969
KAT2B	HDAC5	9606.ENSP00000263754	9606.ENSP00000225983	0	0	0	0	0.061	0.157	0.500	0.610	0.825
KAT2B	SIRT2	9606.ENSP00000263754	9606.ENSP00000249396	0	0	0	0	0.042	0.531	0	0.647	0.827
KAT2B	CREBBP	9606.ENSP00000263754	9606.ENSP00000262367	0	0	0	0	0.049	0.793	0.900	0.992	0.999
KAT2B	EP300	9606.ENSP00000263754	9606.ENSP00000263253	0	0	0	0	0.049	0.841	0.900	0.998	0.999
KAT2B	JAK2	9606.ENSP00000263754	9606.ENSP00000371067	0	0	0	0	0.329	0.052	0	0.164	0.422
KAT2B	KDM4A	9606.ENSP00000263754	9606.ENSP00000361473	0	0	0	0	0	0.071	0	0.416	0.434
KAT2B	PARP1	9606.ENSP00000263754	9606.ENSP00000355759	0	0	0	0	0.074	0.297	0	0.311	0.512
KAT2B	PLK1	9606.ENSP00000263754	9606.ENSP00000300093	0	0	0	0	0	0	0	0.529	0.529
KAT2B	SIRT3	9606.ENSP00000263754	9606.ENSP00000372191	0	0	0	0	0.049	0.083	0	0.530	0.554
KAT2B	BRD2	9606.ENSP00000263754	9606.ENSP00000378702	0	0	0	0.558	0.052	0.071	0	0.555	0.574
KAT2B	SETD2	9606.ENSP00000263754	9606.ENSP00000386759	0	0	0	0	0.060	0.094	0	0.604	0.634
KAT2B	KMT2A	9606.ENSP00000263754	9606.ENSP00000436786	0	0	0	0	0	0.094	0.500	0.318	0.664
KAT2B	EHMT2	9606.ENSP00000263754	9606.ENSP00000379078	0	0	0	0	0	0.331	0	0.520	0.665
KAT2B	KDM1A	9606.ENSP00000263754	9606.ENSP00000383042	0	0	0	0	0	0	0	0.758	0.758
KAT2B	HDAC9	9606.ENSP00000263754	9606.ENSP00000408617	0	0	0	0	0.056	0.157	0.500	0.545	0.795
KAT2B	HDAC6	9606.ENSP00000263754	9606.ENSP00000365804	0	0	0	0	0.054	0.157	0.500	0.571	0.806
KAT2B	HDAC8	9606.ENSP00000263754	9606.ENSP00000362674	0	0	0	0	0.063	0.183	0.500	0.677	0.860
KAT2B	HDAC11	9606.ENSP00000263754	9606.ENSP00000295757	0	0	0	0	0.054	0.134	0.500	0.721	0.870
KAT2B	HDAC3	9606.ENSP00000263754	9606.ENSP00000302967	0	0	0	0	0.060	0.396	0.500	0.653	0.888
KAT2B	HDAC4	9606.ENSP00000263754	9606.ENSP00000264606	0	0	0	0	0.079	0.157	0.500	0.768	0.898
KAT2B	NCOR2	9606.ENSP00000263754	9606.ENSP00000384018	0	0	0	0	0.055	0.465	0.500	0.653	0.900
KAT2B	CARM1	9606.ENSP00000263754	9606.ENSP00000325690	0	0	0	0	0.087	0.319	0.500	0.790	0.926
KAT2B	HDAC2	9606.ENSP00000263754	9606.ENSP00000430432	0	0	0	0	0.063	0.183	0.500	0.885	0.950
KAT2B	HDAC1	9606.ENSP00000263754	9606.ENSP00000362649	0	0	0	0	0.063	0.183	0.500	0.946	0.976
KDM1A	HDAC7	9606.ENSP00000383042	9606.ENSP00000080059	0	0	0	0	0.067	0.153	0.400	0.381	0.667
KDM1A	SIRT1	9606.ENSP00000383042	9606.ENSP00000212015	0	0	0	0	0.081	0.095	0	0.906	0.915
KDM1A	HDAC10	9606.ENSP00000383042	9606.ENSP00000216271	0	0	0	0	0.055	0.153	0	0.345	0.430
KDM1A	KAT2A	9606.ENSP00000383042	9606.ENSP00000225916	0	0	0	0	0.064	0	0	0.493	0.505
KDM1A	HDAC5	9606.ENSP00000383042	9606.ENSP00000225983	0	0	0	0	0.062	0.374	0.400	0.446	0.779
KDM1A	SIRT2	9606.ENSP00000383042	9606.ENSP00000249396	0	0	0	0	0.063	0.091	0	0.409	0.453
KDM1A	CREBBP	9606.ENSP00000383042	9606.ENSP00000262367	0	0	0	0	0.056	0	0	0.437	0.446
KDM1A	EP300	9606.ENSP00000383042	9606.ENSP00000263253	0	0	0	0	0.049	0.292	0.500	0.738	0.899
KDM1A	BRD4	9606.ENSP00000383042	9606.ENSP00000263377	0	0	0	0	0.080	0.292	0	0.729	0.808
KDM1A	KAT2B	9606.ENSP00000383042	9606.ENSP00000263754	0	0	0	0	0	0	0	0.758	0.758
KDM1A	HDAC4	9606.ENSP00000383042	9606.ENSP00000264606	0	0	0	0	0.062	0.153	0	0.660	0.707
KDM1A	HDAC11	9606.ENSP00000383042	9606.ENSP00000295757	0	0	0	0	0.055	0.228	0	0.433	0.550
KDM1A	HDAC3	9606.ENSP00000383042	9606.ENSP00000302967	0	0	0	0	0.135	0.720	0.400	0.395	0.900
KDM1A	BRD3	9606.ENSP00000383042	9606.ENSP00000305918	0	0	0	0	0.076	0	0	0.412	0.434
KDM1A	CARM1	9606.ENSP00000383042	9606.ENSP00000325690	0	0	0	0	0.106	0.292	0	0.514	0.666
KDM1A	EED	9606.ENSP00000383042	9606.ENSP00000338186	0	0	0	0	0.062	0.095	0.500	0.473	0.746
KDM1A	PARP1	9606.ENSP00000383042	9606.ENSP00000355759	0	0	0	0	0.201	0	0	0.357	0.464
KDM1A	KDM4A	9606.ENSP00000383042	9606.ENSP00000361473	0	0	0	0	0.112	0.091	0.500	0.927	0.966
KDM1A	HDAC1	9606.ENSP00000383042	9606.ENSP00000362649	0	0	0	0	0.176	0.942	0.400	0.998	0.999
KDM1A	HDAC8	9606.ENSP00000383042	9606.ENSP00000362674	0	0	0	0	0.117	0.285	0	0.486	0.647
KDM1A	HDAC6	9606.ENSP00000383042	9606.ENSP00000365804	0	0	0	0	0.062	0.228	0	0.476	0.588
KDM1A	BRD2	9606.ENSP00000383042	9606.ENSP00000378702	0	0	0	0	0.077	0	0	0.436	0.458
KDM1A	EHMT2	9606.ENSP00000383042	9606.ENSP00000379078	0	0	0	0	0.175	0.525	0	0.988	0.995
KDM1A	BRD9	9606.ENSP00000383042	9606.ENSP00000419765	0	0	0	0	0.150	0	0	0.413	0.480
KDM1A	TOP2A	9606.ENSP00000383042	9606.ENSP00000411532	0	0	0	0	0.110	0	0	0.446	0.486
KDM1A	NCOR2	9606.ENSP00000383042	9606.ENSP00000384018	0	0	0	0	0.049	0	0	0.488	0.493
KDM1A	HDAC9	9606.ENSP00000383042	9606.ENSP00000408617	0	0	0	0	0.055	0.153	0	0.443	0.515
KDM1A	KMT2A	9606.ENSP00000383042	9606.ENSP00000436786	0	0	0	0	0.073	0.071	0	0.528	0.558
KDM1A	KDM4E	9606.ENSP00000383042	9606.ENSP00000397239	0	0	0	0	0.103	0.081	0	0.508	0.559
KDM1A	SETD2	9606.ENSP00000383042	9606.ENSP00000386759	0	0	0	0	0.118	0.079	0	0.520	0.576
KDM1A	EHMT1	9606.ENSP00000383042	9606.ENSP00000417980	0	0	0	0	0.152	0.071	0	0.736	0.774
KDM1A	HDAC2	9606.ENSP00000383042	9606.ENSP00000430432	0	0	0	0	0.133	0.941	0.400	0.997	0.999
KDM4A	SIRT1	9606.ENSP00000361473	9606.ENSP00000212015	0	0	0	0	0.062	0	0	0.574	0.584
KDM4A	KAT2A	9606.ENSP00000361473	9606.ENSP00000225916	0	0	0	0	0.060	0.071	0	0.396	0.427
KDM4A	SIRT2	9606.ENSP00000361473	9606.ENSP00000249396	0	0	0	0	0.052	0	0	0.622	0.627
KDM4A	EP300	9606.ENSP00000361473	9606.ENSP00000263253	0	0	0	0	0.071	0	0	0.604	0.616
KDM4A	KAT2B	9606.ENSP00000361473	9606.ENSP00000263754	0	0	0	0	0	0.071	0	0.416	0.434
KDM4A	HDAC3	9606.ENSP00000361473	9606.ENSP00000302967	0	0	0	0	0.049	0.292	0	0.258	0.457
KDM4A	HDAC2	9606.ENSP00000361473	9606.ENSP00000430432	0	0	0	0	0	0	0	0.411	0.411
KDM4A	NCOR2	9606.ENSP00000361473	9606.ENSP00000384018	0	0	0	0	0.067	0	0	0.445	0.461
KDM4A	EHMT1	9606.ENSP00000361473	9606.ENSP00000417980	0	0	0	0	0.061	0	0	0.463	0.474
KDM4A	SETD2	9606.ENSP00000361473	9606.ENSP00000386759	0	0	0	0	0.056	0	0	0.639	0.645
KDM4A	EHMT2	9606.ENSP00000361473	9606.ENSP00000379078	0	0	0	0	0.049	0	0	0.725	0.727
KDM4A	HDAC1	9606.ENSP00000361473	9606.ENSP00000362649	0	0	0	0	0.049	0.292	0	0.669	0.758
KDM4A	KDM1A	9606.ENSP00000361473	9606.ENSP00000383042	0	0	0	0	0.112	0.091	0.500	0.927	0.966
KDM4E	KDM1A	9606.ENSP00000397239	9606.ENSP00000383042	0	0	0	0	0.103	0.081	0	0.508	0.559
KMT2A	SIRT1	9606.ENSP00000436786	9606.ENSP00000212015	0	0	0	0	0.042	0.332	0	0.261	0.486
KMT2A	CREBBP	9606.ENSP00000436786	9606.ENSP00000262367	0	0	0	0	0.151	0.981	0	0.727	0.995
KMT2A	EP300	9606.ENSP00000436786	9606.ENSP00000263253	0	0	0	0	0.288	0.125	0.500	0.521	0.831
KMT2A	BRD4	9606.ENSP00000436786	9606.ENSP00000263377	0	0	0	0	0.170	0.631	0	0.611	0.870
KMT2A	KAT2B	9606.ENSP00000436786	9606.ENSP00000263754	0	0	0	0	0	0.094	0.500	0.318	0.664
KMT2A	TOP2B	9606.ENSP00000436786	9606.ENSP00000264331	0	0	0	0	0.086	0	0	0.454	0.479
KMT2A	HDAC4	9606.ENSP00000436786	9606.ENSP00000264606	0.042	0	0	0	0.067	0.127	0	0.499	0.557
KMT2A	BRD3	9606.ENSP00000436786	9606.ENSP00000305918	0	0	0	0	0.161	0.192	0	0.263	0.457
KMT2A	MEN1	9606.ENSP00000436786	9606.ENSP00000337088	0	0	0	0	0.063	0.911	0.800	0.990	0.999
KMT2A	EED	9606.ENSP00000436786	9606.ENSP00000338186	0	0	0	0	0.092	0.314	0	0.377	0.578
KMT2A	HDAC1	9606.ENSP00000436786	9606.ENSP00000362649	0.042	0	0	0	0.072	0.420	0.500	0.373	0.809
KMT2A	JAK2	9606.ENSP00000436786	9606.ENSP00000371067	0	0	0	0	0.043	0.077	0	0.434	0.457
KMT2A	BRD2	9606.ENSP00000436786	9606.ENSP00000378702	0	0	0	0	0.074	0.071	0	0.437	0.474
KMT2A	KDM1A	9606.ENSP00000436786	9606.ENSP00000383042	0	0	0	0	0.073	0.071	0	0.528	0.558
KMT2A	SETD2	9606.ENSP00000436786	9606.ENSP00000386759	0	0	0	0.547	0.255	0	0	0.518	0.626
KMT2A	TOP2A	9606.ENSP00000436786	9606.ENSP00000411532	0	0	0	0	0.063	0	0	0.449	0.462
KMT2A	EHMT1	9606.ENSP00000436786	9606.ENSP00000417980	0	0	0	0.550	0.215	0	0	0.296	0.425
KMT2A	HDAC2	9606.ENSP00000436786	9606.ENSP00000430432	0.042	0	0	0	0.074	0.218	0	0.323	0.469
MEN1	HDAC3	9606.ENSP00000337088	9606.ENSP00000302967	0	0	0	0	0.143	0	0	0.437	0.497
MEN1	BRD3	9606.ENSP00000337088	9606.ENSP00000305918	0	0	0	0	0.072	0	0	0.462	0.479
MEN1	HDAC2	9606.ENSP00000337088	9606.ENSP00000430432	0	0	0	0	0.089	0.292	0	0.151	0.404
MEN1	SETD2	9606.ENSP00000337088	9606.ENSP00000386759	0	0	0	0	0.075	0.127	0	0.359	0.437
MEN1	EHMT2	9606.ENSP00000337088	9606.ENSP00000379078	0	0	0	0	0.273	0.127	0	0.254	0.485
MEN1	HDAC1	9606.ENSP00000337088	9606.ENSP00000362649	0	0	0	0	0.104	0.292	0.500	0.227	0.722
MEN1	KMT2A	9606.ENSP00000337088	9606.ENSP00000436786	0	0	0	0	0.063	0.911	0.800	0.990	0.999
NCOR2	HDAC7	9606.ENSP00000384018	9606.ENSP00000080059	0	0	0	0	0.097	0.627	0.500	0.636	0.930
NCOR2	SIRT1	9606.ENSP00000384018	9606.ENSP00000212015	0	0	0	0	0.093	0.287	0	0.574	0.700
NCOR2	HDAC10	9606.ENSP00000384018	9606.ENSP00000216271	0	0	0	0	0.084	0.572	0.500	0.842	0.965
NCOR2	KAT2A	9606.ENSP00000384018	9606.ENSP00000225916	0	0	0	0	0.085	0.465	0.500	0.382	0.828
NCOR2	HDAC5	9606.ENSP00000384018	9606.ENSP00000225983	0	0	0	0	0.084	0.572	0.500	0.751	0.944
NCOR2	CREBBP	9606.ENSP00000384018	9606.ENSP00000262367	0	0	0	0	0.259	0.304	0.500	0.563	0.872
NCOR2	EP300	9606.ENSP00000384018	9606.ENSP00000263253	0	0	0	0	0.263	0.309	0.500	0.574	0.877
NCOR2	BRD4	9606.ENSP00000384018	9606.ENSP00000263377	0	0	0	0	0.159	0.309	0	0.239	0.520
NCOR2	KAT2B	9606.ENSP00000384018	9606.ENSP00000263754	0	0	0	0	0.055	0.465	0.500	0.653	0.900
NCOR2	HDAC4	9606.ENSP00000384018	9606.ENSP00000264606	0	0	0	0	0.077	0.978	0.500	0.931	0.999
NCOR2	HDAC11	9606.ENSP00000384018	9606.ENSP00000295757	0	0	0	0	0.059	0.163	0.500	0.622	0.831
NCOR2	HDAC3	9606.ENSP00000384018	9606.ENSP00000302967	0	0	0	0	0.049	0.992	0.800	0.995	0.999
NCOR2	CARM1	9606.ENSP00000384018	9606.ENSP00000325690	0	0	0	0	0.281	0.069	0.500	0.328	0.745
NCOR2	EED	9606.ENSP00000384018	9606.ENSP00000338186	0	0	0	0	0.042	0	0.400	0.136	0.460
NCOR2	KDM4A	9606.ENSP00000384018	9606.ENSP00000361473	0	0	0	0	0.067	0	0	0.445	0.461
NCOR2	HDAC1	9606.ENSP00000384018	9606.ENSP00000362649	0	0	0	0	0.049	0.701	0.800	0.995	0.999
NCOR2	HDAC8	9606.ENSP00000384018	9606.ENSP00000362674	0	0	0	0	0	0.236	0.500	0.717	0.882
NCOR2	HDAC6	9606.ENSP00000384018	9606.ENSP00000365804	0	0	0	0	0.060	0.163	0.500	0.506	0.779
NCOR2	KDM1A	9606.ENSP00000384018	9606.ENSP00000383042	0	0	0	0	0.049	0	0	0.488	0.493
NCOR2	HDAC9	9606.ENSP00000384018	9606.ENSP00000408617	0	0	0	0	0.059	0.163	0.500	0.812	0.916
NCOR2	HDAC2	9606.ENSP00000384018	9606.ENSP00000430432	0	0	0	0	0.044	0.643	0.800	0.920	0.993
PARP1	SIRT1	9606.ENSP00000355759	9606.ENSP00000212015	0	0	0	0	0.055	0.510	0	0.691	0.844
PARP1	HDAC5	9606.ENSP00000355759	9606.ENSP00000225983	0	0	0	0	0.067	0.299	0	0.213	0.441
PARP1	SIRT2	9606.ENSP00000355759	9606.ENSP00000249396	0	0	0	0	0	0.292	0	0.652	0.743
PARP1	PARP2	9606.ENSP00000355759	9606.ENSP00000250416	0	0	0.098	0.870	0.130	0.613	0.800	0.513	0.965
PARP1	CREBBP	9606.ENSP00000355759	9606.ENSP00000262367	0	0	0	0	0.065	0.623	0	0.315	0.738
PARP1	EP300	9606.ENSP00000355759	9606.ENSP00000263253	0	0	0	0	0.076	0.786	0	0.447	0.881
PARP1	BRD4	9606.ENSP00000355759	9606.ENSP00000263377	0	0	0	0	0.055	0.510	0	0.536	0.766
PARP1	KAT2B	9606.ENSP00000355759	9606.ENSP00000263754	0	0	0	0	0.074	0.297	0	0.311	0.512
PARP1	TOP2B	9606.ENSP00000355759	9606.ENSP00000264331	0	0	0	0	0.146	0.457	0	0.452	0.724
PARP1	HDAC4	9606.ENSP00000355759	9606.ENSP00000264606	0	0	0	0	0.069	0.136	0	0.340	0.424
PARP1	PLK1	9606.ENSP00000355759	9606.ENSP00000300093	0	0	0	0	0.121	0	0	0.521	0.561
PARP1	HDAC3	9606.ENSP00000355759	9606.ENSP00000302967	0	0	0	0	0.106	0.294	0	0.228	0.471
PARP1	CARM1	9606.ENSP00000355759	9606.ENSP00000325690	0	0	0	0	0.049	0.292	0	0.211	0.422
PARP1	TOP1	9606.ENSP00000355759	9606.ENSP00000354522	0	0	0	0	0.060	0.628	0	0.831	0.936
PARP1	BRD2	9606.ENSP00000355759	9606.ENSP00000378702	0	0	0	0	0.048	0.086	0	0.374	0.407
PARP1	BRD7	9606.ENSP00000355759	9606.ENSP00000378181	0	0	0	0	0.092	0.292	0	0.154	0.408
PARP1	JAK1	9606.ENSP00000355759	9606.ENSP00000499900	0	0	0	0	0.042	0.053	0	0.401	0.409
PARP1	KDM1A	9606.ENSP00000355759	9606.ENSP00000383042	0	0	0	0	0.201	0	0	0.357	0.464
PARP1	HDAC6	9606.ENSP00000355759	9606.ENSP00000365804	0	0	0	0	0.085	0.045	0	0.444	0.472
PARP1	HDAC9	9606.ENSP00000355759	9606.ENSP00000408617	0	0	0	0	0.068	0.299	0	0.280	0.489
PARP1	JAK2	9606.ENSP00000355759	9606.ENSP00000371067	0	0	0	0	0	0.053	0	0.487	0.493
PARP1	SIRT3	9606.ENSP00000355759	9606.ENSP00000372191	0	0	0	0	0.042	0	0	0.504	0.504
PARP1	PARP3	9606.ENSP00000355759	9606.ENSP00000381740	0	0	0.114	0.776	0	0.510	0	0.211	0.628
PARP1	TOP2A	9606.ENSP00000355759	9606.ENSP00000411532	0	0	0	0	0.174	0.434	0	0.492	0.742
PARP1	HDAC2	9606.ENSP00000355759	9606.ENSP00000430432	0	0	0	0	0.154	0.598	0	0.681	0.882
PARP1	HDAC1	9606.ENSP00000355759	9606.ENSP00000362649	0	0	0	0	0.124	0.647	0	0.701	0.900
PARP2	SIRT1	9606.ENSP00000250416	9606.ENSP00000212015	0	0	0	0	0.060	0	0	0.522	0.532
PARP2	TOP1	9606.ENSP00000250416	9606.ENSP00000354522	0	0	0	0	0.042	0.050	0	0.410	0.416
PARP2	PARP1	9606.ENSP00000250416	9606.ENSP00000355759	0	0	0.098	0.870	0.130	0.613	0.800	0.513	0.965
PARP3	PARP1	9606.ENSP00000381740	9606.ENSP00000355759	0	0	0.114	0.776	0	0.510	0	0.211	0.628
PLK1	EP300	9606.ENSP00000300093	9606.ENSP00000263253	0	0	0	0	0.074	0.079	0.500	0.284	0.654
PLK1	BRD4	9606.ENSP00000300093	9606.ENSP00000263377	0	0	0	0	0.077	0	0	0.667	0.679
PLK1	KAT2B	9606.ENSP00000300093	9606.ENSP00000263754	0	0	0	0	0	0	0	0.529	0.529
PLK1	TOP2B	9606.ENSP00000300093	9606.ENSP00000264331	0	0	0	0	0.349	0	0	0.241	0.485
PLK1	PLK2	9606.ENSP00000300093	9606.ENSP00000274289	0	0	0.083	0.897	0	0.292	0	0.426	0.594
PLK1	HDAC6	9606.ENSP00000300093	9606.ENSP00000365804	0	0	0	0	0.042	0.292	0	0.376	0.539
PLK1	PARP1	9606.ENSP00000300093	9606.ENSP00000355759	0	0	0	0	0.121	0	0	0.521	0.561
PLK1	TOP2A	9606.ENSP00000300093	9606.ENSP00000411532	0	0	0	0	0.612	0.292	0	0.768	0.931
PLK2	PLK1	9606.ENSP00000274289	9606.ENSP00000300093	0	0	0.083	0.897	0	0.292	0	0.426	0.594
PLK3	TOP2A	9606.ENSP00000361275	9606.ENSP00000411532	0	0	0	0	0.236	0.419	0	0.165	0.597
SETD2	SIRT1	9606.ENSP00000386759	9606.ENSP00000212015	0	0	0	0	0.142	0.115	0	0.526	0.608
SETD2	KAT2A	9606.ENSP00000386759	9606.ENSP00000225916	0	0	0	0	0	0.094	0	0.615	0.637
SETD2	SIRT2	9606.ENSP00000386759	9606.ENSP00000249396	0	0	0	0	0	0.096	0	0.421	0.454
SETD2	CREBBP	9606.ENSP00000386759	9606.ENSP00000262367	0	0	0	0	0.327	0.091	0	0.706	0.805
SETD2	EP300	9606.ENSP00000386759	9606.ENSP00000263253	0	0	0	0	0.499	0.091	0	0.518	0.761
SETD2	BRD4	9606.ENSP00000386759	9606.ENSP00000263377	0	0	0	0	0.074	0.314	0	0.411	0.593
SETD2	KAT2B	9606.ENSP00000386759	9606.ENSP00000263754	0	0	0	0	0.060	0.094	0	0.604	0.634
SETD2	HDAC3	9606.ENSP00000386759	9606.ENSP00000302967	0.042	0	0	0	0.085	0.203	0	0.588	0.674
SETD2	CARM1	9606.ENSP00000386759	9606.ENSP00000325690	0	0	0	0	0.094	0.049	0	0.382	0.421
SETD2	MEN1	9606.ENSP00000386759	9606.ENSP00000337088	0	0	0	0	0.075	0.127	0	0.359	0.437
SETD2	EED	9606.ENSP00000386759	9606.ENSP00000338186	0	0	0	0	0.065	0.314	0	0.400	0.582
SETD2	TOP1	9606.ENSP00000386759	9606.ENSP00000354522	0	0	0	0	0.176	0.184	0	0.190	0.408
SETD2	KDM4A	9606.ENSP00000386759	9606.ENSP00000361473	0	0	0	0	0.056	0	0	0.639	0.645
SETD2	HDAC1	9606.ENSP00000386759	9606.ENSP00000362649	0.042	0	0	0	0.085	0.203	0	0.587	0.673
SETD2	HDAC8	9606.ENSP00000386759	9606.ENSP00000362674	0.042	0	0	0	0.067	0.203	0	0.752	0.800
SETD2	HDAC6	9606.ENSP00000386759	9606.ENSP00000365804	0.042	0	0	0	0.067	0.127	0	0.328	0.406
SETD2	JAK2	9606.ENSP00000386759	9606.ENSP00000371067	0	0	0	0	0.074	0.077	0	0.448	0.487
SETD2	EHMT2	9606.ENSP00000386759	9606.ENSP00000379078	0	0	0	0.552	0.083	0.100	0	0.348	0.415
SETD2	KDM1A	9606.ENSP00000386759	9606.ENSP00000383042	0	0	0	0	0.118	0.079	0	0.520	0.576
SETD2	JAK1	9606.ENSP00000386759	9606.ENSP00000499900	0	0	0	0	0.097	0.077	0	0.370	0.429
SETD2	HDAC9	9606.ENSP00000386759	9606.ENSP00000408617	0.042	0	0	0	0.060	0.127	0	0.365	0.434
SETD2	KMT2A	9606.ENSP00000386759	9606.ENSP00000436786	0	0	0	0.547	0.255	0	0	0.518	0.626
SETD2	HDAC2	9606.ENSP00000386759	9606.ENSP00000430432	0.042	0	0	0	0.075	0.203	0	0.586	0.668
SIRT1	HDAC7	9606.ENSP00000212015	9606.ENSP00000080059	0	0	0	0	0	0.137	0	0.780	0.802
SIRT1	JAK2	9606.ENSP00000212015	9606.ENSP00000371067	0	0	0	0	0.049	0	0	0.431	0.436
SIRT1	SIRT3	9606.ENSP00000212015	9606.ENSP00000372191	0	0	0.135	0.803	0	0.100	0	0.361	0.460
SIRT1	JAK1	9606.ENSP00000212015	9606.ENSP00000499900	0	0	0	0	0.047	0.292	0	0.271	0.465
SIRT1	KMT2A	9606.ENSP00000212015	9606.ENSP00000436786	0	0	0	0	0.042	0.332	0	0.261	0.486
SIRT1	TOP2A	9606.ENSP00000212015	9606.ENSP00000411532	0.060	0	0	0	0.042	0	0	0.512	0.522
SIRT1	PARP2	9606.ENSP00000212015	9606.ENSP00000250416	0	0	0	0	0.060	0	0	0.522	0.532
SIRT1	EHMT2	9606.ENSP00000212015	9606.ENSP00000379078	0	0	0	0	0.042	0.096	0	0.521	0.549
SIRT1	CARM1	9606.ENSP00000212015	9606.ENSP00000325690	0	0	0	0	0.067	0.053	0	0.561	0.578
SIRT1	KDM4A	9606.ENSP00000212015	9606.ENSP00000361473	0	0	0	0	0.062	0	0	0.574	0.584
SIRT1	BRD3	9606.ENSP00000212015	9606.ENSP00000305918	0	0	0	0	0.044	0.073	0	0.571	0.586
SIRT1	SETD2	9606.ENSP00000212015	9606.ENSP00000386759	0	0	0	0	0.142	0.115	0	0.526	0.608
SIRT1	TOP1	9606.ENSP00000212015	9606.ENSP00000354522	0	0	0	0	0.049	0.095	0	0.598	0.623
SIRT1	HDAC5	9606.ENSP00000212015	9606.ENSP00000225983	0	0	0	0	0	0.137	0	0.584	0.625
SIRT1	NCOR2	9606.ENSP00000212015	9606.ENSP00000384018	0	0	0	0	0.093	0.287	0	0.574	0.700
SIRT1	HDAC10	9606.ENSP00000212015	9606.ENSP00000216271	0	0	0	0	0	0.137	0	0.675	0.708
SIRT1	EED	9606.ENSP00000212015	9606.ENSP00000338186	0	0	0	0	0.075	0.389	0	0.538	0.716
SIRT1	CREBBP	9606.ENSP00000212015	9606.ENSP00000262367	0	0	0	0	0.088	0.101	0	0.724	0.754
SIRT1	HDAC6	9606.ENSP00000212015	9606.ENSP00000365804	0	0	0	0	0	0.137	0	0.758	0.782
SIRT1	HDAC9	9606.ENSP00000212015	9606.ENSP00000408617	0	0	0	0	0.042	0.137	0	0.799	0.819
SIRT1	BRD4	9606.ENSP00000212015	9606.ENSP00000263377	0	0	0	0	0	0.526	0	0.663	0.833
SIRT1	HDAC3	9606.ENSP00000212015	9606.ENSP00000302967	0	0	0	0	0.049	0.262	0	0.782	0.834
SIRT1	PARP1	9606.ENSP00000212015	9606.ENSP00000355759	0	0	0	0	0.055	0.510	0	0.691	0.844
SIRT1	HDAC11	9606.ENSP00000212015	9606.ENSP00000295757	0	0	0	0	0	0.137	0	0.839	0.855
SIRT1	HDAC8	9606.ENSP00000212015	9606.ENSP00000362674	0	0	0	0	0	0.262	0	0.855	0.888
SIRT1	HDAC2	9606.ENSP00000212015	9606.ENSP00000430432	0	0	0	0	0.074	0.372	0	0.839	0.898
SIRT1	HDAC4	9606.ENSP00000212015	9606.ENSP00000264606	0	0	0	0	0.067	0.559	0	0.776	0.900
SIRT1	KDM1A	9606.ENSP00000212015	9606.ENSP00000383042	0	0	0	0	0.081	0.095	0	0.906	0.915
SIRT1	KAT2A	9606.ENSP00000212015	9606.ENSP00000225916	0	0	0	0	0	0.540	0	0.882	0.943
SIRT1	SIRT2	9606.ENSP00000212015	9606.ENSP00000249396	0	0	0.124	0.823	0	0.335	0.900	0.346	0.956
SIRT1	KAT2B	9606.ENSP00000212015	9606.ENSP00000263754	0	0	0	0	0.075	0.424	0	0.932	0.960
SIRT1	EP300	9606.ENSP00000212015	9606.ENSP00000263253	0	0	0	0	0.138	0.698	0	0.902	0.972
SIRT1	HDAC1	9606.ENSP00000212015	9606.ENSP00000362649	0	0	0	0	0	0.528	0	0.987	0.993
SIRT2	HDAC7	9606.ENSP00000249396	9606.ENSP00000080059	0	0	0	0	0.049	0.137	0	0.600	0.643
SIRT2	SIRT1	9606.ENSP00000249396	9606.ENSP00000212015	0	0	0.124	0.823	0	0.335	0.900	0.346	0.956
SIRT2	HDAC10	9606.ENSP00000249396	9606.ENSP00000216271	0	0	0	0	0.072	0.137	0	0.636	0.683
SIRT2	KAT2A	9606.ENSP00000249396	9606.ENSP00000225916	0	0	0	0	0	0.323	0	0.643	0.748
SIRT2	HDAC5	9606.ENSP00000249396	9606.ENSP00000225983	0	0	0	0	0.067	0.137	0	0.470	0.536
SIRT2	EHMT2	9606.ENSP00000249396	9606.ENSP00000379078	0	0	0	0	0.056	0.096	0	0.397	0.441
SIRT2	CREBBP	9606.ENSP00000249396	9606.ENSP00000262367	0	0	0	0	0	0.088	0	0.414	0.443
SIRT2	KDM1A	9606.ENSP00000249396	9606.ENSP00000383042	0	0	0	0	0.063	0.091	0	0.409	0.453
SIRT2	SETD2	9606.ENSP00000249396	9606.ENSP00000386759	0	0	0	0	0	0.096	0	0.421	0.454
SIRT2	TOP1	9606.ENSP00000249396	9606.ENSP00000354522	0	0	0	0	0	0.084	0	0.544	0.564
SIRT2	KDM4A	9606.ENSP00000249396	9606.ENSP00000361473	0	0	0	0	0.052	0	0	0.622	0.627
SIRT2	SIRT3	9606.ENSP00000249396	9606.ENSP00000372191	0	0	0.092	0.897	0.043	0	0	0.618	0.639
SIRT2	HDAC9	9606.ENSP00000249396	9606.ENSP00000408617	0	0	0	0	0	0.137	0	0.634	0.670
SIRT2	HDAC4	9606.ENSP00000249396	9606.ENSP00000264606	0	0	0	0	0	0.137	0	0.671	0.704
SIRT2	PARP1	9606.ENSP00000249396	9606.ENSP00000355759	0	0	0	0	0	0.292	0	0.652	0.743
SIRT2	HDAC11	9606.ENSP00000249396	9606.ENSP00000295757	0	0	0	0	0.055	0.137	0	0.720	0.752
SIRT2	KAT2B	9606.ENSP00000249396	9606.ENSP00000263754	0	0	0	0	0.042	0.531	0	0.647	0.827
SIRT2	HDAC3	9606.ENSP00000249396	9606.ENSP00000302967	0	0	0	0	0.043	0.137	0	0.813	0.832
SIRT2	HDAC2	9606.ENSP00000249396	9606.ENSP00000430432	0	0	0	0	0	0.137	0	0.822	0.840
SIRT2	HDAC1	9606.ENSP00000249396	9606.ENSP00000362649	0	0	0	0	0	0.137	0	0.843	0.859
SIRT2	HDAC8	9606.ENSP00000249396	9606.ENSP00000362674	0	0	0	0	0	0.137	0	0.873	0.886
SIRT2	EP300	9606.ENSP00000249396	9606.ENSP00000263253	0	0	0	0	0.049	0.643	0	0.749	0.907
SIRT2	HDAC6	9606.ENSP00000249396	9606.ENSP00000365804	0	0	0	0	0.042	0.559	0	0.872	0.941
SIRT3	HDAC7	9606.ENSP00000372191	9606.ENSP00000080059	0	0	0	0	0.049	0.137	0	0.494	0.548
SIRT3	SIRT1	9606.ENSP00000372191	9606.ENSP00000212015	0	0	0.135	0.803	0	0.100	0	0.361	0.460
SIRT3	HDAC10	9606.ENSP00000372191	9606.ENSP00000216271	0	0	0	0	0.074	0.137	0	0.541	0.601
SIRT3	KAT2A	9606.ENSP00000372191	9606.ENSP00000225916	0	0	0	0	0.061	0.083	0	0.529	0.559
SIRT3	HDAC5	9606.ENSP00000372191	9606.ENSP00000225983	0	0	0	0	0.090	0.137	0	0.392	0.481
SIRT3	SIRT2	9606.ENSP00000372191	9606.ENSP00000249396	0	0	0.092	0.897	0.043	0	0	0.618	0.639
SIRT3	EP300	9606.ENSP00000372191	9606.ENSP00000263253	0	0	0	0	0.042	0.088	0	0.486	0.511
SIRT3	KAT2B	9606.ENSP00000372191	9606.ENSP00000263754	0	0	0	0	0.049	0.083	0	0.530	0.554
SIRT3	HDAC4	9606.ENSP00000372191	9606.ENSP00000264606	0	0	0	0	0.049	0.137	0	0.545	0.594
SIRT3	HDAC11	9606.ENSP00000372191	9606.ENSP00000295757	0	0	0	0	0.210	0.137	0	0.577	0.686
SIRT3	HDAC3	9606.ENSP00000372191	9606.ENSP00000302967	0	0	0	0	0.060	0.137	0	0.362	0.437
SIRT3	PARP1	9606.ENSP00000372191	9606.ENSP00000355759	0	0	0	0	0.042	0	0	0.504	0.504
SIRT3	HDAC1	9606.ENSP00000372191	9606.ENSP00000362649	0	0	0	0	0.042	0.137	0	0.579	0.621
SIRT3	HDAC8	9606.ENSP00000372191	9606.ENSP00000362674	0	0	0	0	0.060	0.137	0	0.570	0.621
SIRT3	HDAC6	9606.ENSP00000372191	9606.ENSP00000365804	0	0	0	0	0.049	0.137	0	0.574	0.620
SIRT3	HDAC9	9606.ENSP00000372191	9606.ENSP00000408617	0	0	0	0	0	0.137	0	0.542	0.588
SIRT3	HDAC2	9606.ENSP00000372191	9606.ENSP00000430432	0	0	0	0	0.044	0.137	0	0.541	0.588
TOP1	SIRT1	9606.ENSP00000354522	9606.ENSP00000212015	0	0	0	0	0.049	0.095	0	0.598	0.623
TOP1	SIRT2	9606.ENSP00000354522	9606.ENSP00000249396	0	0	0	0	0	0.084	0	0.544	0.564
TOP1	PARP2	9606.ENSP00000354522	9606.ENSP00000250416	0	0	0	0	0.042	0.050	0	0.410	0.416
TOP1	BRD4	9606.ENSP00000354522	9606.ENSP00000263377	0	0	0	0	0.175	0.629	0	0.291	0.764
TOP1	TOP2B	9606.ENSP00000354522	9606.ENSP00000264331	0	0	0	0	0.118	0.842	0	0.876	0.981
TOP1	BRD3	9606.ENSP00000354522	9606.ENSP00000305918	0	0	0	0	0.073	0.300	0	0.159	0.407
TOP1	SETD2	9606.ENSP00000354522	9606.ENSP00000386759	0	0	0	0	0.176	0.184	0	0.190	0.408
TOP1	BRD7	9606.ENSP00000354522	9606.ENSP00000378181	0	0	0	0	0.074	0.422	0	0.084	0.466
TOP1	BRD2	9606.ENSP00000354522	9606.ENSP00000378702	0	0	0	0	0.092	0.515	0	0.142	0.590
TOP1	HDAC1	9606.ENSP00000354522	9606.ENSP00000362649	0	0	0	0	0.107	0.140	0	0.532	0.609
TOP1	PARP1	9606.ENSP00000354522	9606.ENSP00000355759	0	0	0	0	0.060	0.628	0	0.831	0.936
TOP1	TOP2A	9606.ENSP00000354522	9606.ENSP00000411532	0	0	0	0	0.111	0.857	0	0.960	0.994
TOP2A	SIRT1	9606.ENSP00000411532	9606.ENSP00000212015	0.060	0	0	0	0.042	0	0	0.512	0.522
TOP2A	BRD4	9606.ENSP00000411532	9606.ENSP00000263377	0	0	0	0	0.049	0.743	0	0.513	0.870
TOP2A	TOP2B	9606.ENSP00000411532	9606.ENSP00000264331	0	0	0.054	0.972	0.072	0.597	0.900	0.368	0.973
TOP2A	PLK1	9606.ENSP00000411532	9606.ENSP00000300093	0	0	0	0	0.612	0.292	0	0.768	0.931
TOP2A	TOP1	9606.ENSP00000411532	9606.ENSP00000354522	0	0	0	0	0.111	0.857	0	0.960	0.994
TOP2A	PARP1	9606.ENSP00000411532	9606.ENSP00000355759	0	0	0	0	0.174	0.434	0	0.492	0.742
TOP2A	PLK3	9606.ENSP00000411532	9606.ENSP00000361275	0	0	0	0	0.236	0.419	0	0.165	0.597
TOP2A	HDAC1	9606.ENSP00000411532	9606.ENSP00000362649	0	0	0	0	0.107	0.511	0	0.598	0.809
TOP2A	BRD2	9606.ENSP00000411532	9606.ENSP00000378702	0	0	0	0	0.047	0.328	0	0.167	0.421
TOP2A	KDM1A	9606.ENSP00000411532	9606.ENSP00000383042	0	0	0	0	0.110	0	0	0.446	0.486
TOP2A	KMT2A	9606.ENSP00000411532	9606.ENSP00000436786	0	0	0	0	0.063	0	0	0.449	0.462
TOP2A	HDAC2	9606.ENSP00000411532	9606.ENSP00000430432	0	0	0	0	0.110	0.294	0	0.285	0.512
TOP2B	CREBBP	9606.ENSP00000264331	9606.ENSP00000262367	0	0	0	0	0.127	0	0	0.413	0.466
TOP2B	EP300	9606.ENSP00000264331	9606.ENSP00000263253	0	0	0	0	0.154	0.133	0	0.259	0.410
TOP2B	BRD4	9606.ENSP00000264331	9606.ENSP00000263377	0	0	0	0	0.057	0.535	0	0.229	0.633
TOP2B	BRD2	9606.ENSP00000264331	9606.ENSP00000378702	0	0	0	0	0.047	0.328	0	0.138	0.400
TOP2B	KMT2A	9606.ENSP00000264331	9606.ENSP00000436786	0	0	0	0	0.086	0	0	0.454	0.479
TOP2B	PLK1	9606.ENSP00000264331	9606.ENSP00000300093	0	0	0	0	0.349	0	0	0.241	0.485
TOP2B	HDAC1	9606.ENSP00000264331	9606.ENSP00000362649	0	0	0	0	0.150	0.511	0	0.296	0.682
TOP2B	HDAC2	9606.ENSP00000264331	9606.ENSP00000430432	0	0	0	0	0.163	0.294	0	0.520	0.692
TOP2B	PARP1	9606.ENSP00000264331	9606.ENSP00000355759	0	0	0	0	0.146	0.457	0	0.452	0.724
TOP2B	TOP2A	9606.ENSP00000264331	9606.ENSP00000411532	0	0	0.054	0.972	0.072	0.597	0.900	0.368	0.973
TOP2B	TOP1	9606.ENSP00000264331	9606.ENSP00000354522	0	0	0	0	0.118	0.842	0	0.876	0.981
TYK2	HDAC1	9606.ENSP00000431885	9606.ENSP00000362649	0	0	0	0	0.135	0.068	0	0.489	0.553
TYK2	JAK2	9606.ENSP00000431885	9606.ENSP00000371067	0	0	0.071	0.877	0.089	0.292	0.800	0.982	0.997
TYK2	BRD7	9606.ENSP00000431885	9606.ENSP00000378181	0	0	0	0	0.187	0.292	0	0	0.400
TYK2	JAK3	9606.ENSP00000431885	9606.ENSP00000432511	0	0	0.066	0.866	0.085	0.292	0	0.864	0.906
TYK2	JAK1	9606.ENSP00000431885	9606.ENSP00000499900	0	0	0.070	0.923	0.049	0.292	0.900	0.983	0.998
